VendaID,DataID,EmpresaID,PrecoFechamento,VolumeSimulado,ValorTotalNegociado
1,20250102,ABEV3,10.888912200927734,16795,182879.2804145813
2,20250103,ABEV3,10.63546371459961,1860,19781.962509155273
3,20250106,ABEV3,10.597915649414062,39158,414993.18099975586
4,20250107,ABEV3,10.83259105682373,45732,495396.05421066284
5,20250108,ABEV3,10.71994686126709,12284,131683.82724380493
6,20250109,ABEV3,10.701172828674316,7265,77744.02060031891
7,20250110,ABEV3,10.475885391235352,17850,186994.55423355103
8,20250113,ABEV3,10.550981521606445,38194,402984.1882362366
9,20250114,ABEV3,10.522820472717285,22962,241625.0036945343
10,20250115,ABEV3,10.69178581237793,48191,515247.8500843048
11,20250116,ABEV3,10.400789260864258,45131,469398.0201320648
12,20250117,ABEV3,10.410177230834961,17023,177212.44700050354
13,20250120,ABEV3,10.372629165649414,42090,436583.96158218384
14,20250121,ABEV3,10.560367584228516,2685,28354.586963653564
15,20250122,ABEV3,10.344468116760254,1769,18299.36409854889
16,20250123,ABEV3,10.372629165649414,3433,35609.23592567444
17,20250124,ABEV3,10.203662872314453,6311,64395.316387176514
18,20250127,ABEV3,10.438337326049805,38819,405205.81665992737
19,20250128,ABEV3,10.428949356079102,40188,419118.61672210693
20,20250129,ABEV3,10.297532081604004,18568,191204.57569122314
21,20250130,ABEV3,10.428949356079102,20769,216598.84917640686
22,20250131,ABEV3,10.419563293457031,29693,309388.0928726196
23,20250203,ABEV3,10.353854179382324,7396,76577.10551071167
24,20250204,ABEV3,10.231822967529297,28480,291402.3181152344
25,20250205,ABEV3,10.156726837158203,42434,430990.5466079712
26,20250206,ABEV3,10.194275856018066,26658,271759.0057697296
27,20250207,ABEV3,10.18488883972168,19942,203107.05324172974
28,20250210,ABEV3,10.297532081604004,19431,200091.3458776474
29,20250211,ABEV3,10.288146018981934,3747,38549.683133125305
30,20250212,ABEV3,10.25059700012207,1189,12187.959833145142
31,20250213,ABEV3,10.30691909790039,20118,207354.59841156006
32,20250214,ABEV3,10.447724342346191,36773,384194.1672410965
33,20250217,ABEV3,10.419563293457031,2899,30206.313987731934
34,20250218,ABEV3,10.410177230834961,2267,23599.871782302856
35,20250219,ABEV3,10.297532081604004,32551,335194.96678829193
36,20250220,ABEV3,10.363241195678711,12394,128442.01137924194
37,20250221,ABEV3,10.438337326049805,4556,47557.06485748291
38,20250224,ABEV3,10.353854179382324,4890,50630.346937179565
39,20250225,ABEV3,10.410177230834961,42606,443536.01109695435
40,20250226,ABEV3,10.982782363891602,31740,348593.51222991943
41,20250227,ABEV3,11.564776420593262,15502,179277.16407203674
42,20250228,ABEV3,11.470907211303711,22777,261272.85355186462
43,20250305,ABEV3,11.996578216552734,11627,139484.21492385864
44,20250306,ABEV3,12.062288284301758,9792,118113.92687988281
45,20250307,ABEV3,12.296961784362793,44323,545038.2371683121
46,20250310,ABEV3,12.315736770629883,44021,542151.0483798981
47,20250311,ABEV3,12.071674346923828,9433,113872.10411453247
48,20250312,ABEV3,12.231252670288086,44001,538187.3487453461
49,20250313,ABEV3,12.512863159179688,12016,150354.56372070312
50,20250314,ABEV3,12.80385971069336,24897,318777.69521713257
51,20250317,ABEV3,12.858438491821289,3612,46444.679832458496
52,20250318,ABEV3,12.839488983154297,24483,314349.20877456665
53,20250319,ABEV3,12.962672233581543,49555,642365.2225351334
54,20250320,ABEV3,12.886866569519043,18159,234012.6100358963
55,20250321,ABEV3,13.010048866271973,45974,598123.9865779877
56,20250324,ABEV3,12.830012321472168,41994,538783.5374279022
57,20250325,ABEV3,12.886866569519043,15541,200274.79335689545
58,20250326,ABEV3,12.678401947021484,36920,468086.5998840332
59,20250327,ABEV3,12.754207611083984,27531,351136.0897407532
60,20250328,ABEV3,12.725780487060547,2585,32896.142559051514
61,20250331,ABEV3,12.792109489440918,4943,63231.39720630646
62,20250401,ABEV3,12.896341323852539,24939,321621.8562755585
63,20250402,ABEV3,12.953195571899414,20457,264983.5218143463
64,20250403,ABEV3,13.123757362365723,2021,26523.113629341125
65,20250404,ABEV3,12.991097450256348,12653,164376.35603809357
66,20250407,ABEV3,12.488889694213867,44573,556667.2803401947
67,20250408,ABEV3,12.545742988586426,14417,180871.9766664505
68,20250409,ABEV3,12.953195571899414,41757,540886.5874958038
69,20250410,ABEV3,12.886866569519043,10692,137786.3773612976
70,20250411,ABEV3,12.773158073425293,46758,597247.3251972198
71,20250414,ABEV3,12.962672233581543,7873,102055.11849498749
72,20250415,ABEV3,12.943719863891602,6675,86399.33009147644
73,20250416,ABEV3,13.161660194396973,1161,15280.687485694885
74,20250417,ABEV3,13.265891075134277,38065,504966.14377498627
75,20250422,ABEV3,13.284843444824219,27557,366090.430809021
76,20250423,ABEV3,13.313270568847656,34763,462809.2247848511
77,20250424,ABEV3,13.408025741577148,33606,450590.11307144165
78,20250425,ABEV3,13.35117244720459,12534,167343.59545326233
79,20250428,ABEV3,13.550161361694336,30127,408225.71134376526
80,20250429,ABEV3,13.749149322509766,41397,569173.5345039368
81,20250430,ABEV3,13.806002616882324,26851,370704.9762659073
82,20250502,ABEV3,13.379599571228027,2016,26973.272735595703
83,20250505,ABEV3,13.322746276855469,25253,336439.31172943115
84,20250506,ABEV3,13.464879989624023,25276,340338.3066177368
85,20250507,ABEV3,13.521735191345215,24247,327861.5131845474
86,20250508,ABEV3,13.616490364074707,25300,344497.2062110901
87,20250509,ABEV3,13.531208992004395,9529,128938.89048480988
88,20250512,ABEV3,13.540684700012207,18262,247279.98399162292
89,20250513,ABEV3,13.502782821655273,10268,138646.57401275635
90,20250514,ABEV3,13.483830451965332,22271,300298.3879957199
91,20250515,ABEV3,13.654393196105957,13185,180033.17429065704
92,20250516,ABEV3,13.757646560668945,22243,306011.33244895935
93,20250519,ABEV3,13.690722465515137,40099,548984.2801446915
94,20250520,ABEV3,13.662040710449219,9571,130759.39163970947
95,20250521,ABEV3,13.53775405883789,40976,554723.0103149414
96,20250522,ABEV3,13.480390548706055,39044,526328.3685836792
97,20250523,ABEV3,13.614237785339355,49984,680494.0614624023
98,20250526,ABEV3,13.633359909057617,41774,569519.9768409729
99,20250527,ABEV3,13.575995445251465,3568,48439.15174865723
100,20250528,ABEV3,13.480390548706055,3027,40805.14219093323
101,20250529,ABEV3,13.442148208618164,3695,49668.737630844116
102,20250530,ABEV3,13.413466453552246,49190,659808.414850235
103,20250602,ABEV3,13.298739433288574,6258,83223.5113735199
104,20250603,ABEV3,13.3943452835083,23002,308096.73021125793
105,20250604,ABEV3,13.46126937866211,40504,545235.2549133301
106,20250605,ABEV3,13.260497093200684,34159,452965.32020664215
107,20250606,ABEV3,13.46126937866211,14986,201730.58290863037
108,20250609,ABEV3,13.346542358398438,13666,182393.84786987305
109,20250610,ABEV3,13.193573951721191,39660,523257.14292526245
110,20250611,ABEV3,13.298739433288574,4561,60655.55055522919
111,20250612,ABEV3,13.193573951721191,27854,367493.80885124207
112,20250613,ABEV3,13.040604591369629,39952,520998.2346343994
113,20250616,ABEV3,13.07884693145752,23662,309471.6760921478
114,20250617,ABEV3,12.87807559967041,9392,120950.88603210449
115,20250618,ABEV3,12.897195816040039,31535,406713.07005882263
116,20250620,ABEV3,12.93543815612793,14067,181962.8085422516
117,20250623,ABEV3,12.964120864868164,49033,635669.7383670807
118,20250624,ABEV3,12.9163179397583,24599,317728.50500011444
119,20250625,ABEV3,12.572136878967285,36222,455387.942029953
120,20250626,ABEV3,12.73466682434082,12837,163474.9180240631
121,20250627,ABEV3,12.572136878967285,15039,189072.366522789
122,20250630,ABEV3,12.73466682434082,31818,405191.6290168762
123,20250701,ABEV3,12.792030334472656,20115,257311.69017791748
124,20250702,ABEV3,13.050165176391602,11965,156145.2263355255
125,20250703,ABEV3,12.887635231018066,25538,329124.4285297394
126,20250704,ABEV3,12.925878524780273,43530,562663.4921836853
127,20250707,ABEV3,12.811150550842285,6056,77584.32773590088
128,20250708,ABEV3,12.792030334472656,33482,428302.7596588135
129,20250709,ABEV3,12.725106239318848,48716,619916.275554657
130,20250710,ABEV3,12.648621559143066,9110,115228.94240379333
131,20250711,ABEV3,12.744227409362793,14773,188270.47151851654
132,20250714,ABEV3,12.705985069274902,28266,359147.3739681244
133,20250715,ABEV3,12.686863899230957,18412,233590.53811264038
134,20250716,ABEV3,13.07884693145752,34270,448212.0843410492
135,20250717,ABEV3,12.868515014648438,7910,101789.95376586914
136,20250718,ABEV3,12.73466682434082,46453,591563.4779911041
137,20250721,ABEV3,12.830272674560547,26446,339309.3911514282
138,20250722,ABEV3,12.811150550842285,1206,15450.247564315796
139,20250723,ABEV3,12.992801666259766,22518,292571.9079208374
140,20250724,ABEV3,12.906756401062012,23361,301514.73628520966
141,20250725,ABEV3,12.87807559967041,24419,314469.72806835175
142,20250728,ABEV3,12.486092567443848,49702,620583.7727870941
143,20250729,ABEV3,12.610379219055176,42523,536231.1555318832
144,20250730,ABEV3,12.572136878967285,46151,580216.6891012192
145,20250731,ABEV3,11.912458419799805,23403,278787.2643985748
146,20250801,ABEV3,11.74992847442627,19141,224905.38092899323
147,20250804,ABEV3,11.864655494689941,15820,187698.84992599487
148,20250805,ABEV3,11.816852569580078,41342,488532.3189315796
149,20250806,ABEV3,11.93157958984375,7374,87983.46789550781
150,20250807,ABEV3,11.988943099975586,2678,32106.38962173462
151,20250808,ABEV3,11.82641315460205,34827,411878.4909353256
152,20250811,ABEV3,11.769050598144531,17198,202404.13218688965
153,20250812,ABEV3,11.692564964294434,10914,127612.65402030945
154,20250813,ABEV3,11.58739948272705,28890,334759.9710559845
155,20250814,ABEV3,11.49179458618164,23299,267747.32206344604
156,20250815,ABEV3,11.51091480255127,44585,513214.13647174835
157,20250818,ABEV3,11.539596557617188,44689,515693.0305633545
158,20250819,ABEV3,11.539596557617188,43557,502630.20726013184
159,20250820,ABEV3,11.568278312683105,45020,520803.8896369934
160,20250821,ABEV3,11.530036926269531,3693,42580.42636871338
161,20250822,ABEV3,11.673444747924805,30467,355654.841135025
162,20250825,ABEV3,11.58739948272705,30723,355999.6743078232
163,20250826,ABEV3,11.644762992858887,47699,555443.549996376
164,20250827,ABEV3,11.616080284118652,4627,53747.603474617004
165,20250828,ABEV3,11.711687088012695,26939,315501.138463974
166,20250829,ABEV3,11.807292938232422,49925,589479.0999412537
167,20250901,ABEV3,11.759490013122559,43941,516723.75066661835
168,20250902,ABEV3,11.625641822814941,22834,265459.9053821564
169,20250903,ABEV3,11.377066612243652,19047,216698.98776340485
170,20250904,ABEV3,11.625641822814941,27105,315113.021607399
171,20250905,ABEV3,11.711687088012695,11230,131522.24599838257
172,20250908,ABEV3,11.606520652770996,16707,193910.14054584503
173,20250909,ABEV3,11.78817081451416,22976,270845.01263427734
174,20250910,ABEV3,11.816852569580078,45262,534854.3810043335
175,20250911,ABEV3,11.96982192993164,24776,296564.3081359863
176,20250912,ABEV3,12.027185440063477,31080,373804.92347717285
177,20250915,ABEV3,12.07498836517334,2306,27844.92317008972
178,20250916,ABEV3,12.151472091674805,7776,94489.84698486328
179,20250917,ABEV3,12.227956771850586,28251,345452.0067615509
180,20250918,ABEV3,11.96982192993164,10474,125371.914894104
181,20250919,ABEV3,11.998503684997559,41294,495466.2111682892
182,20250922,ABEV3,11.816852569580078,22959,271303.118144989
183,20250923,ABEV3,11.912458419799805,6530,77788.35348129272
184,20250924,ABEV3,11.835973739624023,30320,358866.7237854004
185,20250925,ABEV3,11.912458419799805,4748,56560.35257720947
186,20250926,ABEV3,11.912458419799805,32968,392729.92918395996
187,20250929,ABEV3,11.864655494689941,33562,398201.5677127838
188,20250930,ABEV3,11.558717727661133,14545,168121.54934883118
189,20251001,ABEV3,11.463111877441406,1663,19063.15505218506
190,20251002,ABEV3,11.405749320983887,35766,407938.0302143097
191,20251003,ABEV3,11.348384857177734,8994,102067.37340545654
192,20251006,ABEV3,11.329264640808105,29021,328786.589140892
193,20251007,ABEV3,11.195416450500488,31303,350450.1211500168
194,20251008,ABEV3,11.357946395874023,4304,48884.6012878418
195,20251009,ABEV3,11.204977035522461,47576,533087.9874420166
196,20251010,ABEV3,11.291022300720215,40353,455626.62290096283
197,20251013,ABEV3,11.338824272155762,18675,211752.54328250885
198,20251014,ABEV3,11.520475387573242,45417,523225.43067741394
199,20251015,ABEV3,11.463111877441406,24938,285867.0839996338
200,20251016,ABEV3,11.616080284118652,24664,286499.00412750244
201,20251017,ABEV3,11.82641315460205,2636,31174.425075531006
202,20251020,ABEV3,11.816852569580078,21080,249099.25216674805
203,20251021,ABEV3,11.683005332946777,28728,335629.377204895
204,20251022,ABEV3,11.539596557617188,27736,320062.2501220703
205,20251023,ABEV3,11.58739948272705,29673,343832.9048509598
206,20251024,ABEV3,11.577838897705078,38505,445804.68675613403
207,20251027,ABEV3,11.616080284118652,48323,561323.8475694656
208,20251028,ABEV3,11.501354217529297,47645,547982.0216941833
209,20251029,ABEV3,11.501354217529297,1854,21323.510719299316
210,20251030,ABEV3,12.03674602508545,25548,307514.78744888306
211,20251031,ABEV3,12.151472091674805,39623,481477.7786884308
212,20251103,ABEV3,12.342683792114258,8392,103579.80238342285
213,20251104,ABEV3,12.581697463989258,47717,600360.8578891754
214,20251105,ABEV3,12.60081958770752,22556,284224.0866203308
215,20251106,ABEV3,12.505212783813477,39559,494693.7125148773
216,20251107,ABEV3,12.543455123901367,27309,342549.21597862244
217,20251110,ABEV3,12.60081958770752,22919,288798.18413066864
218,20251111,ABEV3,12.992801666259766,5931,77060.30668258667
219,20251112,ABEV3,13.021483421325684,33970,442339.7918224335
220,20251113,ABEV3,13.031044006347656,45215,589198.6547470093
221,20251114,ABEV3,13.088406562805176,13688,179154.10903167725
222,20251117,ABEV3,13.1553316116333,26342,346537.7453136444
223,20251118,ABEV3,13.136210441589355,38157,501238.38181972504
224,20251119,ABEV3,12.820711135864258,3327,42654.505949020386
225,20251121,ABEV3,13.021483421325684,41772,543933.4054756165
226,20251124,ABEV3,13.164892196655273,41545,546935.4463100433
227,20251125,ABEV3,13.136210441589355,1197,15724.043898582458
228,20251126,ABEV3,13.069286346435547,24509,320315.1390647888
229,20251127,ABEV3,13.11708927154541,35698,468253.85281562805
230,20251128,ABEV3,13.250936508178711,45542,603474.1504554749
231,20251201,ABEV3,13.3943452835083,16087,215474.83257579803
232,20251202,ABEV3,13.384784698486328,23671,316831.2385978699
233,20251203,ABEV3,13.528192520141602,26184,354222.1929473877
234,20251204,ABEV3,13.336981773376465,28848,384745.25019836426
235,20251205,ABEV3,13.011922836303711,43107,560904.9577045441
236,20251208,ABEV3,13.021483421325684,21666,282123.45980644226
237,20251209,ABEV3,13.040604591369629,45357,591482.7024507523
238,20251210,ABEV3,13.002363204956055,16708,217243.48442840576
239,20251211,ABEV3,13.17445182800293,27370,360584.7465324402
240,20251212,ABEV3,13.423027038574219,3811,51155.15604400635
241,20251215,ABEV3,13.652480125427246,48011,655469.2233018875
242,20251216,ABEV3,13.53775405883789,7546,102155.89212799072
243,20251217,ABEV3,13.40390682220459,35754,479243.2845211029
244,20251218,ABEV3,13.308300018310547,31206,415298.8103713989
245,20251219,ABEV3,13.279999732971191,42106,559167.668756485
246,20251222,ABEV3,13.119999885559082,12411,162832.31857967377
247,20251223,ABEV3,13.470000267028809,3911,52681.17104434967
248,20251226,ABEV3,13.720000267028809,2734,37510.48073005676
249,20251229,ABEV3,13.869999885559082,19227,266678.48779964447
250,20251230,ABEV3,13.859999656677246,9680,134164.79667663574
251,20260102,ABEV3,13.649999618530273,20360,277913.99223327637
252,20260105,ABEV3,13.710000038146973,19343,265192.5307378769
253,20260106,ABEV3,13.699999809265137,6759,92598.29871082306
254,20260107,ABEV3,13.699999809265137,24078,329868.59540748596
255,20260108,ABEV3,13.640000343322754,36153,493126.9324121475
256,20260109,ABEV3,13.899999618530273,12111,168342.89538002014
257,20260112,ABEV3,13.899999618530273,38504,535205.5853118896
258,20260113,ABEV3,13.90999984741211,2802,38975.81957244873
259,20260114,ABEV3,14.199999809265137,9155,130000.99825382233
260,20260115,ABEV3,14.039999961853027,9120,128044.79965209961
261,20260116,ABEV3,14.100000381469727,40384,569414.4154052734
262,20260119,ABEV3,14.09000015258789,48025,676672.2573280334
263,20260120,ABEV3,14.069999694824219,48254,678933.7652740479
264,20260121,ABEV3,14.3100004196167,22918,327956.5896167755
265,20260122,ABEV3,14.59000015258789,21445,312882.5532722473
266,20260123,ABEV3,14.899999618530273,31306,466459.38805770874
267,20260126,ABEV3,15.050000190734863,17646,265572.3033657074
268,20260127,ABEV3,14.869999885559082,47843,711425.4045248032
269,20260128,ABEV3,14.949999809265137,32065,479371.7438840866
270,20260129,ABEV3,14.760000228881836,26199,386697.2459964752
271,20260130,ABEV3,14.850000381469727,42976,638193.616394043
272,20260202,ABEV3,15.0600004196167,17371,261607.26728916168
273,20260203,ABEV3,15.380000114440918,12835,197402.30146884918
274,20260204,ABEV3,15.300000190734863,46936,718120.8089523315
275,20260205,ABEV3,15.479999542236328,3049,47198.518604278564
276,20260206,ABEV3,15.420000076293945,32616,502938.7224884033
277,20260209,ABEV3,15.390000343322754,39191,603149.503455162
278,20260210,ABEV3,15.65999984741211,48357,757270.6126213074
279,20260211,ABEV3,15.770000457763672,21932,345867.65003967285
280,20260212,ABEV3,16.520000457763672,30855,509724.6141242981
281,20260213,ABEV3,16.350000381469727,8158,133383.30311203003
282,20260218,ABEV3,16.1299991607666,44016,709978.0430603027
283,20260219,ABEV3,16.170000076293945,8400,135828.00064086914
284,20260220,ABEV3,16.030000686645508,43642,699581.2899665833
285,20260223,ABEV3,16.190000534057617,16151,261484.69862556458
286,20260224,ABEV3,16.579999923706055,2154,35713.31983566284
287,20260225,ABEV3,16.3799991607666,5499,90073.61538505554
288,20260226,ABEV3,16.40999984741211,7295,119710.94888687134
289,20260227,ABEV3,16.270000457763672,13183,214487.4160346985
290,20260302,ABEV3,15.90999984741211,30299,482057.0853767395
291,20260303,ABEV3,15.569999694824219,13874,216018.1757659912
292,20260304,ABEV3,15.600000381469727,33711,525891.612859726
293,20260305,ABEV3,15.289999961853027,6539,99981.30975055695
294,20260306,ABEV3,15.229999542236328,43405,661058.1301307678
295,20260309,ABEV3,15.40999984741211,49354,760545.1324691772
296,20260310,ABEV3,15.449999809265137,3557,54955.64932155609
297,20260311,ABEV3,15.430000305175781,39360,607324.8120117188
298,20260312,ABEV3,14.949999809265137,17482,261355.89666557312
299,20260313,ABEV3,15.0,3200,48000.0
300,20260316,ABEV3,15.100000381469727,47940,723894.0182876587
301,20260317,ABEV3,15.020000457763672,3961,59494.221813201904
302,20260318,ABEV3,14.739999771118164,47975,707151.4890193939
303,20260319,ABEV3,14.770000457763672,22357,330212.9002342224
304,20260320,ABEV3,14.470000267028809,12969,187661.43346309662
305,20260323,ABEV3,14.65999984741211,3869,56719.53940963745
306,20260324,ABEV3,14.699999809265137,47760,702071.9908905029
307,20260325,ABEV3,15.010000228881836,29643,444941.43678474426
308,20260326,ABEV3,14.829999923706055,25736,381664.878036499
309,20260327,ABEV3,14.760000228881836,39467,582532.9290332794
310,20260330,ABEV3,14.84000015258789,24328,361027.5237121582
311,20260331,ABEV3,15.25,26876,409859.0
312,20260401,ABEV3,15.359999656677246,22295,342451.1923456192
313,20260402,ABEV3,15.279999732971191,4987,76201.35866832733
314,20260406,ABEV3,15.449999809265137,23399,361514.54553699493
315,20260407,ABEV3,15.479999542236328,47214,730872.698387146
316,20260408,ABEV3,15.859999656677246,34986,554877.9479885101
317,20260409,ABEV3,16.059999465942383,21880,351392.78831481934
318,20260410,ABEV3,16.1200008392334,5735,92448.20481300354
319,20260413,ABEV3,15.930000305175781,45064,717869.5337524414
320,20260414,ABEV3,15.890000343322754,5555,88268.9519071579
321,20260415,ABEV3,15.829999923706055,42914,679328.6167259216
322,20260416,ABEV3,15.430000305175781,41818,645251.7527618408
323,20260417,ABEV3,15.329999923706055,46525,713228.2464504242
324,20260420,ABEV3,15.3100004196167,20830,318907.30874061584
325,20260422,ABEV3,15.0,18429,276435.0
326,20260423,ABEV3,14.739999771118164,7893,116342.81819343567
327,20260424,ABEV3,14.5,15373,222908.5
328,20260427,ABEV3,14.539999961853027,48333,702761.8181562424
329,20260428,ABEV3,14.579999923706055,4436,64676.87966156006
330,20260429,ABEV3,14.329999923706055,9754,139774.81925582886
331,20260430,ABEV3,14.510000228881836,11677,169433.2726726532
332,20260504,ABEV3,14.4399995803833,6895,99563.79710674286
333,20260505,ABEV3,16.649999618530273,20738,345287.6920890808
334,20260506,ABEV3,16.950000762939453,31746,538094.7242202759
335,20260507,ABEV3,16.40999984741211,49404,810719.6324615479
336,20260508,ABEV3,16.31999969482422,33352,544304.6298217773
337,20250102,BBDC4,10.21450138092041,40790,416649.51132774353
338,20250103,BBDC4,10.052031517028809,42919,431423.14067935944
339,20250106,BBDC4,10.249478340148926,6600,67646.55704498291
340,20250107,BBDC4,10.393080711364746,30124,313081.1633491516
341,20250108,BBDC4,10.231529235839844,28643,293061.69190216064
342,20250109,BBDC4,10.159729957580566,41764,424310.9619483948
343,20250110,BBDC4,10.03408145904541,10007,100411.05316066742
344,20250113,BBDC4,10.06998062133789,46714,470409.0747451782
345,20250114,BBDC4,10.25845718383789,38410,394027.3404312134
346,20250115,BBDC4,10.61745548248291,45080,478634.8931503296
347,20250116,BBDC4,10.52770709991455,41447,436341.8761701584
348,20250117,BBDC4,10.402056694030762,9208,95782.13803863525
349,20250120,BBDC4,10.437958717346191,19589,204469.17331409454
350,20250121,BBDC4,10.44693374633789,44484,464721.4007720947
351,20250122,BBDC4,10.303330421447754,18453,190127.3562669754
352,20250123,BBDC4,10.222555160522461,37212,380401.7226333618
353,20250124,BBDC4,10.141780853271484,44525,451562.79249191284
354,20250127,BBDC4,10.393080711364746,48202,500967.2764492035
355,20250128,BBDC4,10.437958717346191,33635,351080.74145793915
356,20250129,BBDC4,10.330254554748535,34828,359782.105632782
357,20250130,BBDC4,10.895682334899902,19711,214764.79450321198
358,20250131,BBDC4,10.850808143615723,4420,47960.571994781494
359,20250203,BBDC4,10.832858085632324,32216,348991.35608673096
360,20250204,BBDC4,10.813958168029785,1301,14068.95957660675
361,20250205,BBDC4,11.065653800964355,46236,511631.56914138794
362,20250206,BBDC4,11.218470573425293,1699,19060.181504249573
363,20250207,BBDC4,10.777998924255371,1190,12825.818719863892
364,20250210,BBDC4,10.786989212036133,11492,123964.08002471924
365,20250211,BBDC4,11.038684844970703,36743,405594.39725875854
366,20250212,BBDC4,10.535292625427246,7102,74821.6482257843
367,20250213,BBDC4,10.679121017456055,20778,221890.7765007019
368,20250214,BBDC4,10.957784652709961,27641,302884.12558555603
369,20250217,BBDC4,10.975762367248535,35584,390561.5280761719
370,20250218,BBDC4,10.96677303314209,33745,370073.7560033798
371,20250219,BBDC4,10.769009590148926,24093,259457.74805545807
372,20250220,BBDC4,10.742045402526855,1569,16854.269236564636
373,20250221,BBDC4,10.643163681030273,39210,417318.447933197
374,20250224,BBDC4,10.454392433166504,35663,372834.997344017
375,20250225,BBDC4,10.580240249633789,37631,398145.0208339691
376,20250226,BBDC4,10.373489379882812,46681,484244.85774230957
377,20250227,BBDC4,10.310564041137695,8455,87175.81896781921
378,20250228,BBDC4,10.103814125061035,5014,50660.52402305603
379,20250305,BBDC4,10.310564041137695,12093,124685.65094947815
380,20250306,BBDC4,10.400036811828613,19070,198328.70200157166
381,20250307,BBDC4,10.52609634399414,36777,387118.2452430725
382,20250310,BBDC4,10.373021125793457,17538,181922.04450416565
383,20250311,BBDC4,10.309990882873535,11729,120925.8830652237
384,20250312,BBDC4,10.309990882873535,35177,362674.54928684235
385,20250313,BBDC4,10.490078926086426,46017,482721.96194171906
386,20250314,BBDC4,10.922286987304688,1784,19485.359985351562
387,20250317,BBDC4,11.084367752075195,28751,318686.65723991394
388,20250318,BBDC4,11.075364112854004,41864,463659.04322052
389,20250319,BBDC4,11.174410820007324,41328,461816.0503692627
390,20250320,BBDC4,11.12038516998291,13533,150492.17250537872
391,20250321,BBDC4,11.273455619812012,41111,463463.0339860916
392,20250324,BBDC4,11.390514373779297,40974,466714.9359512329
393,20250325,BBDC4,11.579606056213379,6801,78752.90078830719
394,20250326,BBDC4,11.768694877624512,20190,237609.9495792389
395,20250327,BBDC4,11.723676681518555,39754,466063.0427970886
396,20250328,BBDC4,11.561596870422363,30592,353692.37145996094
397,20250331,BBDC4,11.408526420593262,11647,132875.10722064972
398,20250401,BBDC4,11.424864768981934,9716,111003.98609542847
399,20250402,BBDC4,11.451476097106934,24355,278900.70034503937
400,20250403,BBDC4,11.671874046325684,23009,268558.14993190765
401,20250404,BBDC4,11.543309211730957,25376,292923.01455688477
402,20250407,BBDC4,11.350456237792969,46091,523153.8784561157
403,20250408,BBDC4,11.038230895996094,5780,63800.97457885742
404,20250409,BBDC4,11.451476097106934,3368,38568.57149505615
405,20250410,BBDC4,11.43310832977295,13039,149076.29951190948
406,20250411,BBDC4,11.58922290802002,7655,88715.50136089325
407,20250414,BBDC4,11.690238952636719,41941,490300.3119125366
408,20250415,BBDC4,11.699422836303711,5495,64288.32848548889
409,20250416,BBDC4,11.681055068969727,11893,138922.78793525696
410,20250417,BBDC4,11.736154556274414,26547,311559.69500541687
411,20250422,BBDC4,11.690238952636719,23386,273387.9281463623
412,20250423,BBDC4,12.075935363769531,14403,173929.69704437256
413,20250424,BBDC4,12.268779754638672,33097,406059.8035392761
414,20250425,BBDC4,12.287148475646973,14121,173506.8236246109
415,20250428,BBDC4,12.259600639343262,11966,146698.38125038147
416,20250429,BBDC4,12.397347450256348,34621,429208.566075325
417,20250430,BBDC4,12.608560562133789,29312,369582.1271972656
418,20250502,BBDC4,12.342246055603027,23677,292227.3598585129
419,20250505,BBDC4,12.230951309204102,32289,394925.18682289124
420,20250506,BBDC4,12.175773620605469,32024,389916.97442626953
421,20250507,BBDC4,11.99184799194336,43675,523743.9610481262
422,20250508,BBDC4,13.867873191833496,5777,80114.7034292221
423,20250509,BBDC4,13.904659271240234,30749,427554.36793136597
424,20250512,BBDC4,13.702341079711914,16338,223868.84856033325
425,20250513,BBDC4,13.996622085571289,3491,48862.20770072937
426,20250514,BBDC4,13.978228569030762,28236,394689.2618751526
427,20250515,BBDC4,14.11617374420166,49096,693047.6661453247
428,20250516,BBDC4,14.162152290344238,15599,220915.41357707977
429,20250519,BBDC4,14.290901184082031,20508,293077.8014831543
430,20250520,BBDC4,14.428844451904297,4051,58451.24887466431
431,20250521,BBDC4,14.171348571777344,49747,704982.0774002075
432,20250522,BBDC4,14.20813274383545,22606,321189.04880714417
433,20250523,BBDC4,14.382862091064453,22699,326476.586605072
434,20250526,BBDC4,14.45643138885498,1876,27120.265285491943
435,20250527,BBDC4,14.750711441040039,33093,488145.293718338
436,20250528,BBDC4,14.851866722106934,5142,76368.29868507385
437,20250529,BBDC4,14.787493705749512,16202,239586.9730205536
438,20250530,BBDC4,14.897850036621094,40734,606849.0233917236
439,20250602,BBDC4,14.9346342086792,8079,120656.90977191925
440,20250603,BBDC4,15.191482543945312,8987,136525.85362243652
441,20250604,BBDC4,15.145452499389648,40567,614405.5715427399
442,20250605,BBDC4,14.703516960144043,29940,440223.29778671265
443,20250606,BBDC4,14.694310188293457,38233,561807.5614290237
444,20250609,BBDC4,14.583824157714844,18019,262785.92749786377
445,20250610,BBDC4,14.57461929321289,47185,687703.4113502502
446,20250611,BBDC4,15.02575969696045,19077,286646.4177389145
447,20250612,BBDC4,15.173074722290039,27258,413587.6707801819
448,20250613,BBDC4,14.99814224243164,22136,331998.8766784668
449,20250616,BBDC4,15.32038402557373,9311,142648.095662117
450,20250617,BBDC4,15.550558090209961,18214,283237.8650550842
451,20250618,BBDC4,15.430868148803711,15098,232975.24731063843
452,20250620,BBDC4,15.301966667175293,29251,447597.8269815445
453,20250623,BBDC4,15.182281494140625,38945,591273.9527893066
454,20250624,BBDC4,15.228312492370605,48030,731415.8490085602
455,20250625,BBDC4,15.099417686462402,26945,406853.80956172943
456,20250626,BBDC4,15.237523078918457,26316,400990.6573448181
457,20250627,BBDC4,15.25593376159668,33217,506756.3517589569
458,20250630,BBDC4,15.495316505432129,9308,144230.40603256226
459,20250701,BBDC4,15.633238792419434,6949,108635.37636852264
460,20250702,BBDC4,15.350786209106445,2150,33004.19034957886
461,20250703,BBDC4,15.716726303100586,24944,392038.020904541
462,20250704,BBDC4,15.64166259765625,35699,558391.7130737305
463,20250707,BBDC4,15.491534233093262,10204,158075.61531448364
464,20250708,BBDC4,15.529067993164062,2081,32315.990493774414
465,20250709,BBDC4,15.350786209106445,30305,465205.5760669708
466,20250710,BBDC4,15.144357681274414,17896,271023.4250640869
467,20250711,BBDC4,15.05990982055664,47175,710451.2457847595
468,20250714,BBDC4,15.116209030151367,8805,133098.2205104828
469,20250715,BBDC4,15.106825828552246,6237,94221.27269268036
470,20250716,BBDC4,15.069290161132812,21056,317298.9736328125
471,20250717,BBDC4,15.041144371032715,46543,700059.9824609756
472,20250718,BBDC4,14.703349113464355,46952,690351.6475753784
473,20250721,BBDC4,14.712735176086426,4343,63897.40886974335
474,20250722,BBDC4,14.665818214416504,14500,212654.3641090393
475,20250723,BBDC4,14.900396347045898,30375,452599.53904151917
476,20250724,BBDC4,14.712735176086426,10662,156867.18244743347
477,20250725,BBDC4,14.600135803222656,17964,262276.8395690918
478,20250728,BBDC4,14.487539291381836,48893,708339.2585735321
479,20250729,BBDC4,14.459388732910156,9130,132014.21913146973
480,20250730,BBDC4,14.693967819213867,20531,301681.8532962799
481,20250731,BBDC4,14.571986198425293,2679,39038.35102558136
482,20250801,BBDC4,14.600135803222656,4506,65788.21192932129
483,20250804,BBDC4,14.711908340454102,14284,210144.8987350464
484,20250805,BBDC4,14.740092277526855,8253,121649.98156642914
485,20250806,BBDC4,14.72130298614502,20128,296310.38650512695
486,20250807,BBDC4,14.834035873413086,28932,429178.3258895874
487,20250808,BBDC4,14.993744850158691,10435,156459.72751140594
488,20250811,BBDC4,14.9373779296875,45078,673347.1223144531
489,20250812,BBDC4,15.284976959228516,14296,218514.03060913086
490,20250813,BBDC4,15.153451919555664,31445,476500.29561042786
491,20250814,BBDC4,15.040718078613281,14245,214255.0290298462
492,20250815,BBDC4,15.059507369995117,30124,453652.6000137329
493,20250818,BBDC4,15.360133171081543,30899,474612.7548532486
494,20250819,BBDC4,14.834035873413086,44919,666330.0573978424
495,20250820,BBDC4,14.881009101867676,44225,658112.627530098
496,20250821,BBDC4,14.834035873413086,36247,537689.2983036041
497,20250822,BBDC4,15.322555541992188,30222,463078.2735900879
498,20250825,BBDC4,15.360133171081543,27211,417964.58371829987
499,20250826,BBDC4,15.322555541992188,38220,585628.0728149414
500,20250827,BBDC4,15.435291290283203,27646,426724.06301116943
501,20250828,BBDC4,15.773494720458984,39649,625403.2921714783
502,20250829,BBDC4,15.811078071594238,24049,380240.61654376984
503,20250901,BBDC4,15.707731246948242,15069,236699.80216026306
504,20250902,BBDC4,15.528072357177734,33580,521432.6697540283
505,20250903,BBDC4,15.518662452697754,32843,509679.43093395233
506,20250904,BBDC4,15.829042434692383,3849,60925.98433113098
507,20250905,BBDC4,16.214651107788086,41158,667362.610294342
508,20250908,BBDC4,16.130006790161133,24289,391781.73492622375
509,20250909,BBDC4,15.979523658752441,45690,730104.435968399
510,20250910,BBDC4,15.866661071777344,36257,575277.5304794312
511,20250911,BBDC4,16.01714515686035,10823,173353.56203269958
512,20250912,BBDC4,15.829042434692383,42975,680253.0986309052
513,20250915,BBDC4,16.01714515686035,10540,168820.7099533081
514,20250916,BBDC4,15.979523658752441,17364,277468.4488105774
515,20250917,BBDC4,16.53443145751953,5611,92774.69490814209
516,20250918,BBDC4,16.365137100219727,28663,469073.924703598
517,20250919,BBDC4,16.65669822692871,39646,660371.4579048157
518,20250922,BBDC4,16.68491554260254,31977,533533.5443058014
519,20250923,BBDC4,16.788375854492188,30168,506471.7227783203
520,20250924,BBDC4,16.65669822692871,26471,440919.4587650299
521,20250925,BBDC4,16.525026321411133,23687,391428.2984752655
522,20250926,BBDC4,16.609676361083984,1851,30744.510944366455
523,20250929,BBDC4,16.77896499633789,19071,319991.6414451599
524,20250930,BBDC4,16.919719696044922,7833,132532.16437911987
525,20251001,BBDC4,16.632781982421875,12938,215194.93328857422
526,20251002,BBDC4,16.363704681396484,36195,592284.2909431458
527,20251003,BBDC4,16.373279571533203,27144,444436.30068969727
528,20251006,BBDC4,16.277524948120117,5000,81387.62474060059
529,20251007,BBDC4,16.009422302246094,6052,96889.02377319336
530,20251008,BBDC4,16.26795196533203,36506,593877.8544464111
531,20251009,BBDC4,16.3541259765625,29074,475479.8586425781
532,20251010,BBDC4,16.133901596069336,39155,631722.9169940948
533,20251013,BBDC4,16.200927734375,41770,676712.7514648438
534,20251014,BBDC4,16.430728912353516,33320,547471.8873596191
535,20251015,BBDC4,16.62222671508789,39304,653319.9988098145
536,20251016,BBDC4,16.813724517822266,47247,794398.0422935486
537,20251017,BBDC4,16.92862892150879,4913,83170.35389137268
538,20251020,BBDC4,17.244600296020508,18450,318162.87546157837
539,20251021,BBDC4,17.014802932739258,25107,427190.65723228455
540,20251022,BBDC4,17.033954620361328,21764,370726.98835754395
541,20251023,BBDC4,17.215879440307617,44404,764453.9106674194
542,20251024,BBDC4,17.311626434326172,21491,372044.16370010376
543,20251027,BBDC4,17.45525360107422,39494,689377.7857208252
544,20251028,BBDC4,17.464826583862305,4373,76373.68665122986
545,20251029,BBDC4,18.029752731323242,13161,237289.5756969452
546,20251030,BBDC4,17.330780029296875,32996,571846.4178466797
547,20251031,BBDC4,17.388229370117188,28122,488991.78634643555
548,20251103,BBDC4,17.579730987548828,35850,630233.3559036255
549,20251104,BBDC4,17.636255264282227,28350,499987.8367424011
550,20251105,BBDC4,18.01007080078125,28472,512782.73583984375
551,20251106,BBDC4,17.93338966369629,29761,533715.6097812653
552,20251107,BBDC4,17.952560424804688,26351,473067.9197540283
553,20251110,BBDC4,18.288028717041016,24132,441326.7089996338
554,20251111,BBDC4,18.68100929260254,16305,304593.8565158844
555,20251112,BBDC4,18.633087158203125,10817,201554.1037902832
556,20251113,BBDC4,18.671428680419922,12261,228930.38705062866
557,20251114,BBDC4,18.66183853149414,1417,26443.825199127197
558,20251117,BBDC4,18.518068313598633,42576,788425.2765197754
559,20251118,BBDC4,18.297618865966797,21358,390800.54373931885
560,20251119,BBDC4,18.115501403808594,4267,77298.84449005127
561,20251121,BBDC4,18.01007080078125,18209,327945.3792114258
562,20251124,BBDC4,18.019651412963867,25052,451428.3071975708
563,20251125,BBDC4,18.163427352905273,39513,717691.5049953461
564,20251126,BBDC4,18.709766387939453,27092,506884.99098205566
565,20251127,BBDC4,18.671428680419922,12338,230368.087059021
566,20251128,BBDC4,18.834369659423828,1412,26594.129959106445
567,20251201,BBDC4,18.54682159423828,8543,158445.49687957764
568,20251202,BBDC4,18.74732208251953,41355,775295.5047225952
569,20251203,BBDC4,18.229230880737305,34496,628835.5484619141
570,20251204,BBDC4,18.4882755279541,24548,453850.1876602173
571,20251205,BBDC4,17.38492774963379,28384,493453.78924560547
572,20251208,BBDC4,17.509653091430664,45425,795375.9916782379
573,20251209,BBDC4,17.279388427734375,39756,686959.3663330078
574,20251210,BBDC4,17.586406707763672,19888,349758.4566040039
575,20251211,BBDC4,17.787887573242188,36735,653438.0500030518
576,20251212,BBDC4,17.903018951416016,48295,864626.3002586365
577,20251215,BBDC4,18.1524715423584,49816,904283.522354126
578,20251216,BBDC4,17.653566360473633,18506,326696.89906692505
579,20251217,BBDC4,17.509653091430664,21463,375809.68430137634
580,20251218,BBDC4,17.586406707763672,18955,333350.3391456604
581,20251219,BBDC4,17.749509811401367,38841,689408.7105846405
582,20251222,BBDC4,17.50005531311035,6104,106820.33763122559
583,20251223,BBDC4,17.663162231445312,35911,634301.8188934326
584,20251226,BBDC4,17.653566360473633,24190,427039.7702598572
585,20251229,BBDC4,17.73991584777832,8357,148252.47673988342
586,20251230,BBDC4,17.824491500854492,33479,596746.1509571075
587,20260102,BBDC4,17.85388946533203,45811,817904.5302963257
588,20260105,BBDC4,18.608198165893555,37208,692373.8373565674
589,20260106,BBDC4,18.71609878540039,21150,395845.48931121826
590,20260107,BBDC4,18.48067855834961,6644,122785.6283416748
591,20260108,BBDC4,18.166780471801758,44286,804534.0399742126
592,20260109,BBDC4,18.186399459838867,48320,878766.8218994141
593,20260112,BBDC4,18.0490665435791,3914,70644.0464515686
594,20260113,BBDC4,17.843074798583984,22352,398828.4078979492
595,20260114,BBDC4,18.166780471801758,47352,860233.3889007568
596,20260115,BBDC4,18.539531707763672,45912,851186.9797668457
597,20260116,BBDC4,18.549341201782227,15397,285604.20648384094
598,20260119,BBDC4,18.539531707763672,42555,788949.771823883
599,20260120,BBDC4,18.804384231567383,47959,901839.4633617401
600,20260121,BBDC4,19.38313102722168,1728,33494.05041503906
601,20260122,BBDC4,19.912830352783203,1698,33811.98593902588
602,20260123,BBDC4,20.39348602294922,40954,835194.8265838623
603,20260126,BBDC4,20.481769561767578,48280,988859.8344421387
604,20260127,BBDC4,21.02128028869629,14923,313700.5657482147
605,20260128,BBDC4,21.30574607849121,17779,378794.85952949524
606,20260129,BBDC4,21.03108787536621,8400,176661.13815307617
607,20260130,BBDC4,20.903568267822266,25466,532330.2695083618
608,20260202,BBDC4,21.168420791625977,37939,803108.7164134979
609,20260203,BBDC4,21.285226821899414,5360,114088.81576538086
610,20260204,BBDC4,20.597972869873047,36270,747088.4759902954
611,20260205,BBDC4,20.764877319335938,18101,375865.0443572998
612,20260206,BBDC4,20.234710693359375,33307,673957.5090637207
613,20260209,BBDC4,20.529247283935547,6486,133152.69788360596
614,20260210,BBDC4,20.539064407348633,9335,191732.1662425995
615,20260211,BBDC4,21.147775650024414,22364,472948.854637146
616,20260212,BBDC4,20.843421936035156,38259,797448.479850769
617,20260213,BBDC4,20.58815574645996,24576,505974.515625
618,20260218,BBDC4,20.529247283935547,32667,670628.9210243225
619,20260219,BBDC4,20.941598892211914,12130,254021.59456253052
620,20260220,BBDC4,21.36376953125,22972,490768.513671875
621,20260223,BBDC4,20.843421936035156,41419,863313.6931686401
622,20260224,BBDC4,21.010326385498047,2167,45529.37727737427
623,20260225,BBDC4,20.784515380859375,28192,585957.0576171875
624,20260226,BBDC4,20.597972869873047,2062,42473.02005767822
625,20260227,BBDC4,20.764877319335938,19540,405745.7028198242
626,20260302,BBDC4,20.843421936035156,25244,526171.3433532715
627,20260303,BBDC4,19.849918365478516,22545,447516.40954971313
628,20260304,BBDC4,20.134891510009766,22689,456840.5534706116
629,20260305,BBDC4,19.486330032348633,12174,237226.58181381226
630,20260306,BBDC4,19.211181640625,23925,459627.5207519531
631,20260309,BBDC4,19.211181640625,38497,739572.8596191406
632,20260310,BBDC4,19.682863235473633,10348,203678.26876068115
633,20260311,BBDC4,19.594425201416016,24714,484256.6244277954
634,20260312,BBDC4,19.053955078125,39102,745047.7514648438
635,20260313,BBDC4,18.660886764526367,9924,185190.64025115967
636,20260316,BBDC4,18.67071533203125,38098,711316.9127197266
637,20260317,BBDC4,18.523313522338867,25394,470381.0235862732
638,20260318,BBDC4,18.307126998901367,7801,142813.89771842957
639,20260319,BBDC4,18.316953659057617,38614,707290.8485908508
640,20260320,BBDC4,18.012325286865234,7731,139253.28679275513
641,20260323,BBDC4,18.67071533203125,49136,917404.2685546875
642,20260324,BBDC4,18.61175537109375,24625,458314.4760131836
643,20260325,BBDC4,18.945863723754883,18337,347410.3031024933
644,20260326,BBDC4,18.493833541870117,36307,671455.6144046783
645,20260327,BBDC4,18.199033737182617,8056,146611.41578674316
646,20260330,BBDC4,18.149898529052734,12516,227164.12998962402
647,20260331,BBDC4,18.8377685546875,45261,852616.2425537109
648,20260401,BBDC4,19.093263626098633,2542,48535.076137542725
649,20260402,BBDC4,18.8070011138916,22677,426486.36425971985
650,20260406,BBDC4,19.01356315612793,47732,907555.3965682983
651,20260407,BBDC4,19.190723419189453,40081,769183.3853645325
652,20260408,BBDC4,20.149761199951172,28569,575658.527721405
653,20260409,BBDC4,20.269641876220703,24322,492998.22971343994
654,20260410,BBDC4,20.419490814208984,20065,409717.0831871033
655,20260413,BBDC4,20.569339752197266,18924,389254.18547058105
656,20260414,BBDC4,20.7591495513916,23556,489002.52683258057
657,20260415,BBDC4,20.77912712097168,27962,581025.9525566101
658,20260416,BBDC4,20.829078674316406,29295,610187.8597640991
659,20260417,BBDC4,21.238666534423828,14807,314480.9353752136
660,20260420,BBDC4,21.00889778137207,43348,910693.7010269165
661,20260422,BBDC4,20.38951873779297,27432,559325.2780151367
662,20260423,BBDC4,19.949960708618164,18749,374041.81332588196
663,20260424,BBDC4,19.90001106262207,42459,844934.5697078705
664,20260427,BBDC4,19.710201263427734,27256,537221.2456359863
665,20260428,BBDC4,19.55036163330078,41262,806687.0217132568
666,20260429,BBDC4,19.090824127197266,38080,726978.5827636719
667,20260430,BBDC4,19.300613403320312,2324,44854.625549316406
668,20260504,BBDC4,18.89102554321289,26731,504976.0037956238
669,20260505,BBDC4,19.190000534057617,36909,708283.7297115326
670,20260506,BBDC4,19.270000457763672,24803,477953.82135391235
671,20260507,BBDC4,18.520000457763672,20870,386512.40955352783
672,20260508,BBDC4,18.59000015258789,35578,661395.025428772
673,20250102,ITUB4,23.533241271972656,7588,178570.23477172852
674,20250103,ITUB4,22.95587921142578,39069,896863.2449111938
675,20250106,ITUB4,23.987428665161133,27790,666610.6426048279
676,20250107,ITUB4,24.249168395996094,26289,637486.3879623413
677,20250108,ITUB4,23.85655975341797,29178,696086.7004852295
678,20250109,ITUB4,23.918148040771484,29710,710608.1782913208
679,20250110,ITUB4,23.58712387084961,16485,388833.7370109558
680,20250113,ITUB4,23.756484985351562,45482,1080492.4501037598
681,20250114,ITUB4,23.771879196166992,21652,514708.7283554077
682,20250115,ITUB4,24.803436279296875,5748,142570.15173339844
683,20250116,ITUB4,24.726451873779297,22233,549743.2045097351
684,20250117,ITUB4,24.903507232666016,10435,259868.09797286987
685,20250120,ITUB4,25.142152786254883,4709,118394.39747047424
686,20250121,ITUB4,25.1960391998291,31355,790021.8091106415
687,20250122,ITUB4,25.103660583496094,14116,354363.27279663086
688,20250123,ITUB4,25.049772262573242,26470,663067.4717903137
689,20250124,ITUB4,24.988191604614258,43344,1083088.1769104004
690,20250127,ITUB4,25.588642120361328,43918,1123801.9846420288
691,20250128,ITUB4,25.63483238220215,40298,1033032.4753379822
692,20250129,ITUB4,25.57324981689453,43956,1124097.768951416
693,20250130,ITUB4,26.196794509887695,15683,410844.3282985687
694,20250131,ITUB4,26.027437210083008,1504,39145.265563964844
695,20250203,ITUB4,25.786861419677734,34982,902075.9861831665
696,20250204,ITUB4,25.879289627075195,35299,913513.0445461273
697,20250205,ITUB4,26.272096633911133,29016,762311.1559295654
698,20250206,ITUB4,26.318313598632812,24960,656905.107421875
699,20250207,ITUB4,26.12575340270996,34591,903715.9359531403
700,20250210,ITUB4,26.410741806030273,18312,483633.50395202637
701,20250211,ITUB4,26.688016891479492,38797,1035414.9913387299
702,20250212,ITUB4,25.948604583740234,47196,1224670.341934204
703,20250213,ITUB4,26.087244033813477,3105,81000.89272499084
704,20250214,ITUB4,26.780441284179688,37395,1001454.6018218994
705,20250217,ITUB4,26.834354400634766,46740,1254237.724685669
706,20250218,ITUB4,26.789472579956055,23700,634910.5001449585
707,20250219,ITUB4,26.539321899414062,35620,945330.6460571289
708,20250220,ITUB4,26.466703414916992,38678,1023679.1546821594
709,20250221,ITUB4,26.38601303100586,21559,568856.0549354553
710,20250224,ITUB4,26.24077033996582,28509,748098.1216220856
711,20250225,ITUB4,26.50705337524414,28860,764993.5604095459
712,20250226,ITUB4,26.44249725341797,12003,317389.2945327759
713,20250227,ITUB4,26.418291091918945,22732,600540.5931015015
714,20250228,ITUB4,25.77275848388672,26826,691380.0190887451
715,20250305,ITUB4,26.15839385986328,31354,820170.2810821533
716,20250306,ITUB4,26.20683479309082,14843,388988.04883384705
717,20250307,ITUB4,26.319862365722656,45472,1196816.7814941406
718,20250310,ITUB4,26.553997039794922,49529,1315192.9193840027
719,20250311,ITUB4,26.319862365722656,7190,189239.8104095459
720,20250312,ITUB4,26.40060043334961,18640,492107.1920776367
721,20250313,ITUB4,26.828500747680664,39413,1057391.699968338
722,20250314,ITUB4,27.70044708251953,43356,1200980.5837097168
723,20250317,ITUB4,28.532026290893555,45597,1300974.8027858734
724,20250318,ITUB4,28.6854248046875,41821,1199653.150756836
725,20250319,ITUB4,28.756467819213867,4330,124515.50565719604
726,20250320,ITUB4,28.49004364013672,20087,572279.5065994263
727,20250321,ITUB4,28.552207946777344,42430,1211470.1831817627
728,20250324,ITUB4,28.5788516998291,25504,728875.0337524414
729,20250325,ITUB4,28.809755325317383,8114,233762.35470962524
730,20250326,ITUB4,28.49892234802246,14323,408190.0647907257
731,20250327,ITUB4,28.534442901611328,35121,1002158.1691474915
732,20250328,ITUB4,28.14369010925293,11975,337020.68905830383
733,20250331,ITUB4,27.895023345947266,12023,335381.865688324
734,20250401,ITUB4,27.901819229125977,22447,626312.1362361908
735,20250402,ITUB4,27.91070556640625,25933,723808.3274536133
736,20250403,ITUB4,28.40831756591797,24959,709043.1981277466
737,20250404,ITUB4,27.6707820892334,1667,46127.193742752075
738,20250407,ITUB4,27.72410011291504,30703,851213.0457668304
739,20250408,ITUB4,27.73298454284668,10337,286675.8612194061
740,20250409,ITUB4,28.239486694335938,47427,1339314.1354522705
741,20250410,ITUB4,28.123966217041016,37487,1054283.1215782166
742,20250411,ITUB4,28.266141891479492,20129,568969.1701335907
743,20250414,ITUB4,28.72821044921875,41251,1185067.4092407227
744,20250415,ITUB4,29.092529296875,32921,957755.1569824219
745,20250416,ITUB4,29.048107147216797,34307,996553.4118995667
746,20250417,ITUB4,29.101417541503906,28355,825170.6943893433
747,20250422,ITUB4,29.67011833190918,38732,1149183.0232315063
748,20250423,ITUB4,30.29213523864746,5835,176754.60911750793
749,20250424,ITUB4,30.87860870361328,21159,653360.4815597534
750,20250425,ITUB4,30.76308822631836,39810,1224678.542289734
751,20250428,ITUB4,31.09186553955078,48605,1511220.1245498657
752,20250429,ITUB4,31.340667724609375,41080,1287474.6301269531
753,20250430,ITUB4,31.61614418029785,39088,1235811.8437194824
754,20250502,ITUB4,31.534034729003906,14216,448287.83770751953
755,20250505,ITUB4,30.97395133972168,36547,1132004.9996128082
756,20250506,ITUB4,30.813919067382812,32471,1000558.7660369873
757,20250507,ITUB4,31.15174674987793,18308,570326.1794967651
758,20250508,ITUB4,31.40068244934082,28532,895924.2716445923
759,20250509,ITUB4,33.09873962402344,35349,1170007.3469696045
760,20250512,ITUB4,32.43196105957031,46445,1506302.4314117432
761,20250513,ITUB4,32.8320198059082,6713,220401.34895706177
762,20250514,ITUB4,33.054290771484375,5804,191847.1036376953
763,20250515,ITUB4,33.498802185058594,11136,373042.6611328125
764,20250516,ITUB4,33.69439697265625,1009,33997.646545410156
765,20250519,ITUB4,34.094451904296875,20255,690583.1233215332
766,20250520,ITUB4,34.05000305175781,24793,844201.7256622314
767,20250521,ITUB4,33.365440368652344,30548,1019247.4723815918
768,20250522,ITUB4,33.13430404663086,38892,1288659.3529815674
769,20250523,ITUB4,33.534358978271484,2015,67571.73334121704
770,20250526,ITUB4,33.60548782348633,28712,964880.7663879395
771,20250527,ITUB4,33.8721923828125,35961,1218077.9102783203
772,20250528,ITUB4,33.59659194946289,9415,316311.9132041931
773,20250529,ITUB4,33.32988357543945,47318,1577103.431022644
774,20250530,ITUB4,33.27654266357422,48280,1606591.4797973633
775,20250602,ITUB4,33.04319763183594,24833,820561.7267913818
776,20250603,ITUB4,32.936458587646484,5158,169886.25339508057
777,20250604,ITUB4,32.85641098022461,21309,700137.2615776062
778,20250605,ITUB4,32.45615005493164,7970,258675.51593780518
779,20250606,ITUB4,32.53620147705078,7938,258272.3673248291
780,20250609,ITUB4,32.36720657348633,22168,717516.2353210449
781,20250610,ITUB4,32.31703186035156,47540,1536351.6946411133
782,20250611,ITUB4,32.61326217651367,21384,697401.9983825684
783,20250612,ITUB4,32.864627838134766,19017,624986.6275978088
784,20250613,ITUB4,32.46963882446289,11344,368335.58282470703
785,20250616,ITUB4,33.06211853027344,41034,1356670.9717712402
786,20250617,ITUB4,33.25960922241211,9702,322684.7286758423
787,20250618,ITUB4,33.06211853027344,1384,45757.97204589844
788,20250620,ITUB4,32.89155578613281,1404,46179.74432373047
789,20250623,ITUB4,32.81973648071289,41943,1376558.2072105408
790,20250624,ITUB4,33.439144134521484,48926,1636043.5659255981
791,20250625,ITUB4,32.83769989013672,30189,991337.3219833374
792,20250626,ITUB4,32.595314025878906,13763,448609.3069381714
793,20250627,ITUB4,32.55940628051758,19384,631131.5313415527
794,20250630,ITUB4,33.16984176635742,33606,1114705.7024002075
795,20250701,ITUB4,33.320411682128906,10860,361859.6708679199
796,20250702,ITUB4,33.05097198486328,39757,1314007.4932022095
797,20250703,ITUB4,33.86826705932617,16106,545482.3092575073
798,20250704,ITUB4,33.88622283935547,24574,832720.0400543213
799,20250707,ITUB4,33.43716049194336,24524,820012.923904419
800,20250708,ITUB4,33.35633087158203,4636,154639.9499206543
801,20250709,ITUB4,32.66477966308594,11916,389233.51446533203
802,20250710,ITUB4,31.658876419067383,5809,183906.41311836243
803,20250711,ITUB4,31.398418426513672,33201,1042458.8901786804
804,20250714,ITUB4,31.34453582763672,14456,453116.6099243164
805,20250715,ITUB4,31.452308654785156,49212,1547831.013519287
806,20250716,ITUB4,31.60498809814453,39765,1256772.3517227173
807,20250717,ITUB4,32.08100128173828,35816,1149013.1419067383
808,20250718,ITUB4,31.497217178344727,46106,1452210.695224762
809,20250721,ITUB4,31.865447998046875,18100,576764.6087646484
810,20250722,ITUB4,31.434345245361328,22949,721386.7890357971
811,20250723,ITUB4,31.78461456298828,5544,176213.90313720703
812,20250724,ITUB4,31.488239288330078,38744,1219980.3429870605
813,20250725,ITUB4,31.622953414916992,46543,1471827.1207904816
814,20250728,ITUB4,30.95833969116211,43783,1355448.9866981506
815,20250729,ITUB4,31.13796615600586,27657,861182.729976654
816,20250730,ITUB4,31.497217178344727,37187,1171287.0152111053
817,20250731,ITUB4,31.578041076660156,48198,1521998.4238128662
818,20250801,ITUB4,31.387229919433594,8239,258599.38730621338
819,20250804,ITUB4,31.719707489013672,15489,491306.54929733276
820,20250805,ITUB4,32.070152282714844,44125,1415095.4694747925
821,20250806,ITUB4,32.47451400756836,29538,959232.1947555542
822,20250807,ITUB4,33.049598693847656,33049,1092256.1872329712
823,20250808,ITUB4,33.27424240112305,38131,1268780.136997223
824,20250811,ITUB4,33.48091506958008,43944,1471285.331817627
825,20250812,ITUB4,34.172821044921875,9427,322147.1839904785
826,20250813,ITUB4,33.849334716796875,42348,1433451.626586914
827,20250814,ITUB4,33.80440139770508,25285,854744.2893409729
828,20250815,ITUB4,33.68758773803711,38626,1301216.7639694214
829,20250818,ITUB4,33.93020248413086,43808,1486414.3104248047
830,20250819,ITUB4,32.9443244934082,23928,788291.7964782715
831,20250820,ITUB4,32.96246337890625,20198,665775.8353271484
832,20250821,ITUB4,32.9987678527832,20758,684988.4230880737
833,20250822,ITUB4,33.92422103881836,16254,551404.2887649536
834,20250825,ITUB4,33.751827239990234,45238,1526865.1606826782
835,20250826,ITUB4,33.525001525878906,2252,75498.3034362793
836,20250827,ITUB4,34.0875358581543,40764,1389544.3117218018
837,20250828,ITUB4,34.795230865478516,13173,458357.5761909485
838,20250829,ITUB4,34.9222526550293,38441,1342446.3143119812
839,20250901,ITUB4,35.201515197753906,27698,975011.5679473877
840,20250902,ITUB4,34.602420806884766,16781,580663.2235603333
841,20250903,ITUB4,34.30287170410156,14051,481989.65031433105
842,20250904,ITUB4,34.43902587890625,40649,1399911.9629516602
843,20250905,ITUB4,34.82026672363281,7949,276786.3001861572
844,20250908,ITUB4,34.656883239746094,43289,1500261.8185653687
845,20250909,ITUB4,34.35733413696289,9017,309800.0819129944
846,20250910,ITUB4,34.38456344604492,7941,273047.8183250427
847,20250911,ITUB4,34.4481086730957,26934,927825.3590011597
848,20250912,ITUB4,33.93069839477539,24386,827434.0110549927
849,20250915,ITUB4,34.49348831176758,11209,386637.5104866028
850,20250916,ITUB4,34.40271759033203,18715,643846.859703064
851,20250917,ITUB4,34.89288330078125,29920,1043995.068359375
852,20250918,ITUB4,34.938270568847656,32703,1142586.262413025
853,20250919,ITUB4,35.40121078491211,43318,1533509.6487808228
854,20250922,ITUB4,34.89288330078125,5637,196691.1831665039
855,20250923,ITUB4,35.44659423828125,5854,207504.36267089844
856,20250924,ITUB4,35.210594177246094,44088,1552364.6760864258
857,20250925,ITUB4,34.929195404052734,38660,1350362.6943206787
858,20250926,ITUB4,35.10166549682617,40811,1432534.070590973
859,20250929,ITUB4,35.301368713378906,20856,736245.3458862305
860,20250930,ITUB4,35.464752197265625,22833,809766.686920166
861,20251001,ITUB4,34.82692337036133,20963,730076.7946128845
862,20251002,ITUB4,34.44550704956055,37932,1306586.9734039307
863,20251003,ITUB4,34.69978713989258,28169,977458.303943634
864,20251006,ITUB4,34.30020523071289,8941,306678.13496780396
865,20251007,ITUB4,33.75532913208008,15388,519427.00468444824
866,20251008,ITUB4,33.81889724731445,6569,222156.33601760864
867,20251009,ITUB4,33.764408111572266,5300,178951.362991333
868,20251010,ITUB4,33.72808074951172,40037,1350371.1689682007
869,20251013,ITUB4,33.86429977416992,37586,1272823.5713119507
870,20251014,ITUB4,34.009605407714844,13015,442635.0143814087
871,20251015,ITUB4,34.009605407714844,46002,1564509.8679656982
872,20251016,ITUB4,33.9278678894043,7254,246112.75366973877
873,20251017,ITUB4,34.045936584472656,18144,617729.4733886719
874,20251020,ITUB4,34.65437316894531,25214,873775.3650817871
875,20251021,ITUB4,34.32745361328125,41118,1411476.2376708984
876,20251022,ITUB4,34.60897445678711,16183,560077.0336341858
877,20251023,ITUB4,34.58173370361328,7238,250302.58854675293
878,20251024,ITUB4,34.53632354736328,7090,244862.53395080566
879,20251027,ITUB4,34.82692337036133,12637,440107.8306312561
880,20251028,ITUB4,34.94498062133789,23415,818236.7212486267
881,20251029,ITUB4,35.725982666015625,25071,895686.1114196777
882,20251030,ITUB4,35.680572509765625,46415,1656113.7730407715
883,20251031,ITUB4,35.81679916381836,43679,1564441.9706764221
884,20251103,ITUB4,36.41429138183594,42240,1538139.66796875
885,20251104,ITUB4,36.305267333984375,19271,699638.8067932129
886,20251105,ITUB4,36.459720611572266,37034,1350249.2931289673
887,20251106,ITUB4,36.459720611572266,34434,1255454.0195388794
888,20251107,ITUB4,36.496063232421875,5188,189341.5760498047
889,20251110,ITUB4,36.741371154785156,11161,410070.4434585571
890,20251111,ITUB4,37.45002746582031,29732,1113464.2166137695
891,20251112,ITUB4,36.59600067138672,12314,450643.15226745605
892,20251113,ITUB4,36.741371154785156,24954,916844.1757965088
893,20251114,ITUB4,36.88673400878906,22508,830246.6090698242
894,20251117,ITUB4,36.61417770385742,22969,840991.0476799011
895,20251118,ITUB4,36.432464599609375,46659,1699902.3657531738
896,20251119,ITUB4,36.20532989501953,38545,1395534.4408035278
897,20251121,ITUB4,36.31435012817383,37668,1367888.9406280518
898,20251124,ITUB4,36.178070068359375,24061,870480.5439147949
899,20251125,ITUB4,36.25984573364258,14716,533599.8898162842
900,20251126,ITUB4,37.11387252807617,40749,1512353.191646576
901,20251127,ITUB4,36.986671447753906,40144,1484792.9385986328
902,20251128,ITUB4,37.83161544799805,17907,677450.737827301
903,20251201,ITUB4,37.53861999511719,19777,742401.2876434326
904,20251202,ITUB4,38.37482833862305,28693,1101088.949520111
905,20251203,ITUB4,38.37482833862305,43928,1685729.4592590332
906,20251204,ITUB4,39.32011795043945,27329,1074579.5034675598
907,20251205,ITUB4,37.50226593017578,47892,1796058.5199279785
908,20251208,ITUB4,37.684043884277344,17282,651255.646408081
909,20251209,ITUB4,37.60224533081055,24624,925917.6890258789
910,20251210,ITUB4,37.8981819152832,24321,921721.6823616028
911,20251211,ITUB4,37.86935043334961,11488,435043.0977783203
912,20251212,ITUB4,38.20566940307617,23574,900660.4505081177
913,20251215,ITUB4,38.7822151184082,6240,242001.0223388672
914,20251216,ITUB4,37.78287124633789,44221,1670796.3493843079
915,20251217,ITUB4,37.44655227661133,11478,429811.5270309448
916,20251218,ITUB4,37.63873291015625,46162,1737479.1885986328
917,20251219,ITUB4,37.98466110229492,20262,769645.2032546997
918,20251222,ITUB4,38.06153869628906,5432,206750.2781982422
919,20251223,ITUB4,38.686126708984375,30721,1188476.498626709
920,20251226,ITUB4,38.698612213134766,14568,563761.3827209473
921,20251229,ITUB4,38.57984924316406,15178,585564.9518127441
922,20251230,ITUB4,38.8272819519043,23195,900598.8048744202
923,20260102,ITUB4,38.766075134277344,1302,50473.4298248291
924,20260105,ITUB4,39.33047866821289,18022,708813.8865585327
925,20260106,ITUB4,39.56812286376953,1055,41744.369621276855
926,20260107,ITUB4,38.93440628051758,46781,1821390.4602088928
927,20260108,ITUB4,39.538421630859375,9717,384194.84298706055
928,20260109,ITUB4,39.45920181274414,29699,1171898.8346366882
929,20260112,ITUB4,39.10273742675781,9150,357790.047454834
930,20260113,ITUB4,38.7858772277832,3125,121205.86633682251
931,20260114,ITUB4,39.21165466308594,45247,1774209.7385406494
932,20260115,ITUB4,39.54832458496094,49513,1958156.195175171
933,20260116,ITUB4,39.221561431884766,17748,696104.2722930908
934,20260119,ITUB4,39.16215133666992,40577,1589082.6147880554
935,20260120,ITUB4,39.52851867675781,5621,222189.80348205566
936,20260121,ITUB4,41.261356353759766,16034,661584.5877761841
937,20260122,ITUB4,42.65753173828125,47391,2021583.0866088867
938,20260123,ITUB4,43.14272689819336,6126,264292.3449783325
939,20260126,ITUB4,43.717037200927734,6122,267635.7017440796
940,20260127,ITUB4,44.87556076049805,19030,853981.9212722778
941,20260128,ITUB4,45.885562896728516,18302,839797.5721359253
942,20260129,ITUB4,45.697425842285156,20181,922219.7509231567
943,20260130,ITUB4,45.053802490234375,39638,1785842.6231079102
944,20260202,ITUB4,45.4482307434082,2531,115029.47201156616
945,20260203,ITUB4,45.70578384399414,41940,1916900.5744171143
946,20260204,ITUB4,44.20009231567383,41441,1831696.025653839
947,20260205,ITUB4,45.09162521362305,24333,1097214.5163230896
948,20260206,ITUB4,46.3100471496582,40650,1882503.416633606
949,20260209,ITUB4,47.85536193847656,35674,1707192.181793213
950,20260210,ITUB4,47.964324951171875,36854,1767677.2317504883
951,20260211,ITUB4,48.90538787841797,47271,2311806.590400696
952,20260212,ITUB4,47.78602600097656,9152,437337.7099609375
953,20260213,ITUB4,47.32044982910156,39518,1870009.5363464355
954,20260218,ITUB4,47.53837203979492,46540,2212435.8347320557
955,20260219,ITUB4,48.09310531616211,11267,541865.0175971985
956,20260220,ITUB4,48.76670455932617,26289,1282027.8961601257
957,20260223,ITUB4,47.00345993041992,2062,96921.13437652588
958,20260224,ITUB4,47.71668243408203,30926,1475686.120956421
959,20260225,ITUB4,47.34025955200195,7229,342222.7363014221
960,20260226,ITUB4,47.22138595581055,48915,2309834.094028473
961,20260227,ITUB4,46.33976364135742,5632,260985.548828125
962,20260302,ITUB4,45.50554275512695,40056,1822770.0205993652
963,20260303,ITUB4,43.97944259643555,4596,202129.51817321777
964,20260304,ITUB4,44.60375213623047,45243,2018007.557899475
965,20260305,ITUB4,43.11729431152344,7168,309064.765625
966,20260306,ITUB4,42.54253005981445,43563,1853280.236995697
967,20260309,ITUB4,42.77045440673828,8561,366157.8601760864
968,20260310,ITUB4,43.40467834472656,9258,401840.5121154785
969,20260311,ITUB4,43.493865966796875,17616,766187.9428710938
970,20260312,ITUB4,42.304691314697266,27734,1173278.308921814
971,20260313,ITUB4,42.01731491088867,7371,309709.6282081604
972,20260316,ITUB4,42.61189651489258,27069,1153461.4267616272
973,20260317,ITUB4,42.32451248168945,15369,650485.4323310852
974,20260318,ITUB4,41.89839553833008,13910,582806.6819381714
975,20260319,ITUB4,42.19568634033203,8943,377356.02294158936
976,20260320,ITUB4,41.51513671875,13199,547958.2895507812
977,20260323,ITUB4,42.74410629272461,16728,715023.4100646973
978,20260324,ITUB4,42.504310607910156,24275,1031792.140007019
979,20260325,ITUB4,43.063838958740234,7738,333227.98586273193
980,20260326,ITUB4,41.904808044433594,16913,708736.0184555054
981,20260327,ITUB4,41.415225982666016,36240,1500887.7896118164
982,20260330,ITUB4,41.56509780883789,20123,836414.4632072449
983,20260331,ITUB4,43.44352340698242,49447,2148151.90190506
984,20260401,ITUB4,43.81155014038086,35529,1556580.5649375916
985,20260402,ITUB4,43.281768798828125,11167,483327.5121765137
986,20260406,ITUB4,43.4716911315918,11554,502271.9193344116
987,20260407,ITUB4,43.44170379638672,18260,793245.5113220215
988,20260408,ITUB4,44.961063385009766,48045,2160154.290332794
989,20260409,ITUB4,45.73073959350586,4812,220056.3189239502
990,20260410,ITUB4,46.05060577392578,29024,1336572.7819824219
991,20260413,ITUB4,45.810707092285156,28285,1295755.8501052856
992,20260414,ITUB4,46.51041030883789,27900,1297640.4476165771
993,20260415,ITUB4,47.020198822021484,2605,122487.61793136597
994,20260416,ITUB4,46.96022033691406,6622,310970.5790710449
995,20260417,ITUB4,46.780296325683594,7767,363342.5615615845
996,20260420,ITUB4,46.35047912597656,28139,1304256.1321258545
997,20260422,ITUB4,45.011043548583984,12613,567724.2922782898
998,20260423,ITUB4,44.161399841308594,11589,511786.4627609253
999,20260424,ITUB4,44.351318359375,14918,661632.9672851562
1000,20260427,ITUB4,43.97148132324219,21119,928633.7140655518
1001,20260428,ITUB4,44.0814323425293,28446,1253940.4244155884
1002,20260429,ITUB4,42.851951599121094,14046,601898.5121612549
1003,20260430,ITUB4,43.171817779541016,25818,1114609.99143219
1004,20260504,ITUB4,42.400001525878906,36358,1541579.2554779053
1005,20260505,ITUB4,42.459999084472656,5324,226057.03512573242
1006,20260506,ITUB4,41.779998779296875,11787,492460.84561157227
1007,20260507,ITUB4,40.790000915527344,10111,412427.699256897
1008,20260508,ITUB4,41.2599983215332,39110,1613678.5343551636
1009,20250102,PETR4,32.58376693725586,17389,566599.1232719421
1010,20250103,PETR4,32.2381706237793,42427,1367768.8650550842
1011,20250106,PETR4,32.087520599365234,15043,482692.5723762512
1012,20250107,PETR4,32.76986312866211,29746,974772.3486251831
1013,20250108,PETR4,32.5040168762207,23350,758968.7940597534
1014,20250109,PETR4,32.64580154418945,42605,1390874.3747901917
1015,20250110,PETR4,32.734413146972656,1117,36564.33948516846
1016,20250113,PETR4,32.849613189697266,47685,1566433.804950714
1017,20250114,PETR4,32.628074645996094,19935,650440.6680679321
1018,20250115,PETR4,33.0445671081543,48077,1588683.6528587341
1019,20250116,PETR4,32.83189010620117,14234,467329.1237716675
1020,20250117,PETR4,32.964813232421875,39328,1296440.1748046875
1021,20250120,PETR4,33.0445671081543,1846,61000.27088165283
1022,20250121,PETR4,33.053428649902344,11954,395120.6860809326
1023,20250122,PETR4,32.867332458496094,14703,483248.38913726807
1024,20250123,PETR4,32.63693618774414,49153,1604203.3244361877
1025,20250124,PETR4,32.46856689453125,47514,1542711.4874267578
1026,20250127,PETR4,32.94709014892578,23700,780846.036529541
1027,20250128,PETR4,32.90278625488281,33043,1087206.7662200928
1028,20250129,PETR4,32.698970794677734,7469,244228.612865448
1029,20250130,PETR4,33.1331787109375,31105,1030607.5238037109
1030,20250131,PETR4,33.39902114868164,43101,1439531.2105293274
1031,20250203,PETR4,33.23065948486328,27386,910054.8406524658
1032,20250204,PETR4,32.90278625488281,46587,1532842.1032562256
1033,20250205,PETR4,32.66352462768555,37976,1240430.0112609863
1034,20250206,PETR4,32.60149002075195,40051,1305722.2768211365
1035,20250207,PETR4,32.415401458740234,3048,98802.14364624023
1036,20250210,PETR4,32.63693618774414,40001,1305510.0844459534
1037,20250211,PETR4,32.63693618774414,13941,454991.52739334106
1038,20250212,PETR4,32.14955139160156,46375,1490935.4457855225
1039,20250213,PETR4,32.185001373291016,43533,1401109.6647834778
1040,20250214,PETR4,33.177486419677734,2828,93825.93159484863
1041,20250217,PETR4,33.38130187988281,2917,97373.25758361816
1042,20250218,PETR4,33.99274444580078,21618,734855.1494293213
1043,20250219,PETR4,34.063636779785156,33254,1132752.1774749756
1044,20250220,PETR4,34.1168098449707,40756,1390464.702041626
1045,20250221,PETR4,34.01933288574219,48362,1645242.9770202637
1046,20250224,PETR4,33.78007125854492,21128,713705.3455505371
1047,20250225,PETR4,33.629425048828125,46745,1572007.4739074707
1048,20250226,PETR4,33.629425048828125,1009,33932.08987426758
1049,20250227,PETR4,32.441986083984375,17644,572406.4024658203
1050,20250228,PETR4,31.83940315246582,23422,745742.5006370544
1051,20250305,PETR4,30.678544998168945,10865,333322.3914051056
1052,20250306,PETR4,30.359525680541992,3219,97727.31316566467
1053,20250307,PETR4,30.687406539916992,40809,1252322.3734874725
1054,20250310,PETR4,30.678544998168945,6287,192876.01240348816
1055,20250311,PETR4,30.21774673461914,35387,1069315.4036979675
1056,20250312,PETR4,30.21774673461914,9512,287431.20693969727
1057,20250313,PETR4,30.519039154052734,2342,71475.5896987915
1058,20250314,PETR4,31.458356857299805,44336,1394737.7096252441
1059,20250317,PETR4,32.043216705322266,20216,647785.6689147949
1060,20250318,PETR4,32.06979751586914,28534,915079.6023178101
1061,20250319,PETR4,32.043216705322266,15231,488050.2336387634
1062,20250320,PETR4,32.11410903930664,33293,1069175.032245636
1063,20250321,PETR4,32.610347747802734,27614,900502.1427078247
1064,20250324,PETR4,32.56604766845703,37258,1213345.804031372
1065,20250325,PETR4,32.823028564453125,29253,960172.0545959473
1066,20250326,PETR4,33.1331787109375,43078,1427311.0725097656
1067,20250327,PETR4,33.38130187988281,41752,1393736.1160888672
1068,20250328,PETR4,33.16862487792969,18988,629805.8491821289
1069,20250331,PETR4,32.92936325073242,32037,1054958.0104637146
1070,20250401,PETR4,33.053428649902344,13219,436933.2733230591
1071,20250402,PETR4,32.964813232421875,1235,40711.544342041016
1072,20250403,PETR4,31.901432037353516,43929,1401398.0079689026
1073,20250404,PETR4,30.616512298583984,2908,89032.81776428223
1074,20250407,PETR4,29.40248680114746,9567,281293.59122657776
1075,20250408,PETR4,28.356826782226562,37298,1057652.9253234863
1076,20250409,PETR4,29.50882339477539,6256,184607.19915771484
1077,20250410,PETR4,27.674489974975586,20019,554015.6148090363
1078,20250411,PETR4,28.223905563354492,9162,258587.42277145386
1079,20250414,PETR4,28.117568969726562,6415,180374.2049407959
1080,20250415,PETR4,27.470678329467773,37159,1020782.936044693
1081,20250416,PETR4,27.470678329467773,44925,1234120.2239513397
1082,20250417,PETR4,28.013818740844727,6951,194724.0540676117
1083,20250422,PETR4,28.07738494873047,22852,641624.4008483887
1084,20250423,PETR4,27.759559631347656,9007,250030.35359954834
1085,20250424,PETR4,27.632431030273438,42832,1183552.2858886719
1086,20250425,PETR4,27.71415901184082,31523,873633.4345302582
1087,20250428,PETR4,27.605186462402344,24325,671496.160697937
1088,20250429,PETR4,27.750478744506836,22204,616171.6300430298
1089,20250430,PETR4,27.232881546020508,16524,449996.1346664429
1090,20250502,PETR4,27.977495193481445,20282,567439.5575141907
1091,20250505,PETR4,26.93321990966797,24930,671445.1723480225
1092,20250506,PETR4,27.378171920776367,1077,29486.291158676147
1093,20250507,PETR4,27.50530242919922,41345,1137206.7289352417
1094,20250508,PETR4,27.886688232421875,21611,602659.2193908691
1095,20250509,PETR4,28.068302154541016,17984,504780.3459472656
1096,20250512,PETR4,28.740270614624023,15060,432828.4754562378
1097,20250513,PETR4,29.176143646240234,18449,538270.6741294861
1098,20250514,PETR4,28.976367950439453,19520,565618.7023925781
1099,20250515,PETR4,28.940046310424805,44303,1282130.8716907501
1100,20250516,PETR4,29.07625389099121,10510,305591.4283943176
1101,20250519,PETR4,29.039932250976562,30287,879532.4280853271
1102,20250520,PETR4,29.157981872558594,29173,850625.8051681519
1103,20250521,PETR4,28.831077575683594,40711,1173741.9991836548
1104,20250522,PETR4,28.449689865112305,12954,368537.2825126648
1105,20250523,PETR4,28.513254165649414,8804,251030.68967437744
1106,20250526,PETR4,28.422447204589844,7565,215015.81310272217
1107,20250527,PETR4,28.631303787231445,6984,199961.0256500244
1108,20250528,PETR4,28.540494918823242,22526,642903.1885414124
1109,20250529,PETR4,28.367963790893555,38438,1090407.7921943665
1110,20250530,PETR4,28.059221267700195,19574,549231.1970939636
1111,20250602,PETR4,28.222673416137695,10184,287419.7060699463
1112,20250603,PETR4,28.23124885559082,20096,567335.1770019531
1113,20250604,PETR4,27.45484161376953,3192,87635.85443115234
1114,20250605,PETR4,27.464197158813477,35016,961686.3277130127
1115,20250606,PETR4,27.754179000854492,12246,339877.6760444641
1116,20250609,PETR4,27.28646469116211,46558,1270403.2230911255
1117,20250610,PETR4,28.10964012145996,19381,544792.9351940155
1118,20250611,PETR4,29.04507064819336,37455,1087883.1211280823
1119,20250612,PETR4,29.699872970581055,27727,823488.3778553009
1120,20250613,PETR4,30.429506301879883,5018,152695.26262283325
1121,20250616,PETR4,30.130168914794922,12302,370661.3379898071
1122,20250617,PETR4,30.813030242919922,2970,91514.69982147217
1123,20250618,PETR4,30.784969329833984,42157,1297801.9520378113
1124,20250620,PETR4,30.700780868530273,28202,865823.4220542908
1125,20250623,PETR4,29.93372917175293,32110,961172.0437049866
1126,20250624,PETR4,29.344409942626953,18586,545395.2031936646
1127,20250625,PETR4,29.194738388061523,25519,745020.528924942
1128,20250626,PETR4,29.4285945892334,32273,949749.0331783295
1129,20250627,PETR4,29.194738388061523,22951,670048.4407444
1130,20250630,PETR4,29.353763580322266,16374,480638.5248641968
1131,20250701,PETR4,29.45665740966797,6788,199951.79049682617
1132,20250702,PETR4,29.980497360229492,6408,192115.0270843506
1133,20250703,PETR4,30.083396911621094,26053,783762.7397384644
1134,20250704,PETR4,30.045978546142578,10446,313860.2918930054
1135,20250707,PETR4,29.98985481262207,1922,57640.50094985962
1136,20250708,PETR4,30.42015266418457,34187,1039973.7591304779
1137,20250709,PETR4,30.23306655883789,11789,356417.6216621399
1138,20250710,PETR4,30.158233642578125,33184,1000770.8251953125
1139,20250711,PETR4,30.52305030822754,2120,64708.86665344238
1140,20250714,PETR4,30.12081527709961,45028,1356280.0702972412
1141,20250715,PETR4,29.886959075927734,33154,990872.2412033081
1142,20250716,PETR4,29.737289428710938,18334,545203.4643859863
1143,20250717,PETR4,29.437950134277344,3336,98205.00164794922
1144,20250718,PETR4,28.98894691467285,39141,1134656.37118721
1145,20250721,PETR4,29.04507064819336,3243,94193.16411209106
1146,20250722,PETR4,29.325700759887695,20029,587364.4605197906
1147,20250723,PETR4,29.924373626708984,33265,995434.2886924744
1148,20250724,PETR4,29.877605438232422,38380,1146702.4967193604
1149,20250725,PETR4,29.915019989013672,47714,1427365.2637557983
1150,20250728,PETR4,29.952436447143555,44872,1344025.7282562256
1151,20250729,PETR4,30.34531593322754,47197,1432207.8761005402
1152,20250730,PETR4,30.654010772705078,24710,757460.6061935425
1153,20250731,PETR4,30.53240394592285,30486,930810.866695404
1154,20250801,PETR4,30.130168914794922,7371,222089.47507095337
1155,20250804,PETR4,30.083396911621094,7359,221383.71787261963
1156,20250805,PETR4,30.223712921142578,41631,1258243.3926200867
1157,20250806,PETR4,30.261127471923828,36996,1119540.671951294
1158,20250807,PETR4,30.429506301879883,21103,642153.8714885712
1159,20250808,PETR4,28.558650970458984,15382,439289.1692276001
1160,20250811,PETR4,28.736379623413086,19755,567687.1794605255
1161,20250812,PETR4,28.81121253967285,36659,1056190.240491867
1162,20250813,PETR4,28.596065521240234,4756,136002.88761901855
1163,20250814,PETR4,28.23124885559082,21609,610049.056520462
1164,20250815,PETR4,28.221893310546875,49538,1398056.150817871
1165,20250818,PETR4,28.399627685546875,17478,496368.6926879883
1166,20250819,PETR4,28.10028839111328,36442,1024030.7095489502
1167,20250820,PETR4,28.268665313720703,40666,1149573.543647766
1168,20250821,PETR4,28.33414649963379,11147,315840.73103141785
1169,20250822,PETR4,29.149137496948242,34561,1007423.3410320282
1170,20250825,PETR4,29.321334838867188,35884,1052166.7793579102
1171,20250826,PETR4,29.110872268676758,6779,197342.60310935974
1172,20250827,PETR4,29.330900192260742,13298,390042.31075668335
1173,20250828,PETR4,29.589197158813477,15153,448365.1045475006
1174,20250829,PETR4,29.751827239990234,44879,1335232.2547035217
1175,20250901,PETR4,29.81879234313965,11789,351533.7429332733
1176,20250902,PETR4,29.97185707092285,45165,1353678.9246082306
1177,20250903,PETR4,29.713560104370117,13999,415960.12790107727
1178,20250904,PETR4,29.713560104370117,1814,53900.39802932739
1179,20250905,PETR4,29.263935089111328,11541,337735.07486343384
1180,20250908,PETR4,29.378732681274414,25938,762025.5682868958
1181,20250909,PETR4,29.60833168029785,3443,101941.4859752655
1182,20250910,PETR4,30.144054412841797,11457,345360.43140792847
1183,20250911,PETR4,30.029254913330078,11380,341732.9209136963
1184,20250912,PETR4,29.828359603881836,8783,261982.48240089417
1185,20250915,PETR4,30.08665657043457,45241,1361150.4299030304
1186,20250916,PETR4,30.16318702697754,18368,554037.4193115234
1187,20250917,PETR4,30.34494972229004,16328,495472.33906555176
1188,20250918,PETR4,30.048389434814453,27215,817766.9184684753
1189,20250919,PETR4,29.713560104370117,34595,1027940.6118106842
1190,20250922,PETR4,30.01012420654297,28306,849466.5757904053
1191,20250923,PETR4,30.517147064208984,20915,638266.1308479309
1192,20250924,PETR4,31.205934524536133,40915,1276790.8110713959
1193,20250925,PETR4,30.95720863342285,38219,1183153.556760788
1194,20250926,PETR4,30.851974487304688,16343,504213.8190460205
1195,20250929,PETR4,30.431049346923828,47403,1442523.0321922302
1196,20250930,PETR4,30.096221923828125,39727,1195632.60836792
1197,20251001,PETR4,30.019689559936523,1126,33802.170444488525
1198,20251002,PETR4,29.732694625854492,28632,851306.5125274658
1199,20251003,PETR4,29.65616226196289,42563,1262255.2343559265
1200,20251006,PETR4,29.3882999420166,45409,1334493.3120670319
1201,20251007,PETR4,29.493532180786133,21530,634995.7478523254
1202,20251008,PETR4,29.321334838867188,40964,1201119.1603393555
1203,20251009,PETR4,28.900407791137695,45327,1309968.7839488983
1204,20251010,PETR4,28.642112731933594,4368,125108.74841308594
1205,20251013,PETR4,28.919540405273438,4797,138727.03532409668
1206,20251014,PETR4,28.718645095825195,48882,1403824.8095741272
1207,20251015,PETR4,28.460350036621094,14718,418879.43183898926
1208,20251016,PETR4,28.173355102539062,35560,1001844.5074462891
1209,20251017,PETR4,28.44121551513672,12053,342801.9706039429
1210,20251020,PETR4,28.460350036621094,23116,657889.4514465332
1211,20251021,PETR4,28.23075294494629,37244,1051426.1626815796
1212,20251022,PETR4,28.556015014648438,37185,1061855.4183197021
1213,20251023,PETR4,28.881275177001953,2645,76390.97284317017
1214,20251024,PETR4,28.54644775390625,48523,1385159.284362793
1215,20251027,PETR4,28.699512481689453,20256,581337.3248291016
1216,20251028,PETR4,28.689945220947266,36840,1056937.5819396973
1217,20251029,PETR4,28.718645095825195,35622,1023015.5756034851
1218,20251030,PETR4,28.594280242919922,38430,1098878.1897354126
1219,20251031,PETR4,28.460350036621094,40282,1146439.820175171
1220,20251103,PETR4,28.795177459716797,3708,106772.51802062988
1221,20251104,PETR4,28.938674926757812,12694,367347.5395202637
1222,20251105,PETR4,29.512666702270508,10524,310591.3043746948
1223,20251106,PETR4,29.665729522705078,32880,975409.186706543
1224,20251107,PETR4,30.785011291503906,40224,1238296.2941894531
1225,20251110,PETR4,30.95720863342285,37980,1175754.7838974
1226,20251111,PETR4,31.76079559326172,33409,1061096.4199752808
1227,20251112,PETR4,30.94763946533203,14224,440199.2237548828
1228,20251113,PETR4,31.081573486328125,41738,1297282.7141723633
1229,20251114,PETR4,31.282468795776367,26150,818036.559009552
1230,20251117,PETR4,31.454666137695312,35393,1113274.9986114502
1231,20251118,PETR4,31.559898376464844,44082,1391223.4402313232
1232,20251119,PETR4,31.397266387939453,8973,281727.6712989807
1233,20251121,PETR4,31.158103942871094,9577,298401.16146087646
1234,20251124,PETR4,31.129404067993164,9070,282343.694896698
1235,20251125,PETR4,30.880674362182617,9666,298492.5983848572
1236,20251126,PETR4,30.832841873168945,37368,1152161.6351165771
1237,20251127,PETR4,30.99547576904297,7783,241237.78791046143
1238,20251128,PETR4,30.41191864013672,46994,1429177.704574585
1239,20251201,PETR4,30.469316482543945,42914,1307560.2475318909
1240,20251202,PETR4,30.679777145385742,5971,183188.94933509827
1241,20251203,PETR4,30.90937614440918,14490,447876.860332489
1242,20251204,PETR4,31.110271453857422,46719,1453440.772052765
1243,20251205,PETR4,30.01012420654297,46080,1382866.5234375
1244,20251208,PETR4,30.287551879882812,2990,90559.78012084961
1245,20251209,PETR4,30.4788818359375,6299,191986.4766845703
1246,20251210,PETR4,30.5554141998291,46765,1428923.945055008
1247,20251211,PETR4,30.048389434814453,20956,629694.0489959717
1248,20251212,PETR4,30.2205867767334,23359,705922.6865177155
1249,20251215,PETR4,30.325817108154297,47240,1432591.600189209
1250,20251216,PETR4,29.407432556152344,38148,1121834.7371520996
1251,20251217,PETR4,29.732694625854492,29734,884071.9420051575
1252,20251218,PETR4,29.560497283935547,5757,170179.78286361694
1253,20251219,PETR4,29.665729522705078,20097,596192.166217804
1254,20251222,PETR4,29.751827239990234,11395,339022.0713996887
1255,20251223,PETR4,29.91182518005371,17241,515709.77792930603
1256,20251226,PETR4,30.01051139831543,39356,1181093.686592102
1257,20251229,PETR4,30.32630729675293,28696,870243.7141876221
1258,20251230,PETR4,30.415124893188477,5944,180787.5023651123
1259,20260102,PETR4,30.306570053100586,47163,1429348.763414383
1260,20260105,PETR4,29.80327033996582,20816,620384.8753967285
1261,20260106,PETR4,29.250625610351562,38011,1111845.5300750732
1262,20260107,PETR4,29.43813133239746,25917,762948.049741745
1263,20260108,PETR4,29.80327033996582,32195,959516.2885951996
1264,20260109,PETR4,29.90195655822754,22566,674767.5516929626
1265,20260112,PETR4,29.96116828918457,10916,327056.11304473877
1266,20260113,PETR4,30.730920791625977,21806,670118.458782196
1267,20260114,PETR4,31.56975555419922,10984,346762.1950073242
1268,20260115,PETR4,31.37238311767578,2759,86556.40502166748
1269,20260116,PETR4,31.619098663330078,42949,1358008.6684913635
1270,20260119,PETR4,31.74738883972168,27838,883783.8105201721
1271,20260120,PETR4,31.865816116333008,3482,110956.77171707153
1272,20260121,PETR4,32.99083709716797,25442,839352.8774261475
1273,20260122,PETR4,33.13887023925781,34719,1150548.435836792
1274,20260123,PETR4,34.579689025878906,28965,1001600.6926345825
1275,20260126,PETR4,34.895484924316406,3079,107443.19808197021
1276,20260127,PETR4,35.65536880493164,3717,132531.0058479309
1277,20260128,PETR4,36.8494758605957,28952,1066866.0251159668
1278,20260129,PETR4,37.20474624633789,21908,815081.5807647705
1279,20260130,PETR4,37.263954162597656,43460,1619491.4479064941
1280,20260202,PETR4,36.750789642333984,25861,950412.1709403992
1281,20260203,PETR4,37.08632278442383,8311,308224.42866134644
1282,20260204,PETR4,37.0271110534668,29071,1076415.1454353333
1283,20260205,PETR4,36.513938903808594,24570,897147.4788665771
1284,20260206,PETR4,36.168540954589844,19449,703441.9530258179
1285,20260209,PETR4,36.829734802246094,34536,1271951.721130371
1286,20260210,PETR4,36.85934066772461,39258,1447023.9959335327
1287,20260211,PETR4,37.57975387573242,49302,1852757.0255813599
1288,20260212,PETR4,36.62249755859375,29865,1093730.8895874023
1289,20260213,PETR4,36.4053840637207,7645,278319.1611671448
1290,20260218,PETR4,36.70144271850586,39000,1431356.2660217285
1291,20260219,PETR4,37.31330108642578,27737,1034959.0322341919
1292,20260220,PETR4,37.47119903564453,12485,467827.919960022
1293,20260223,PETR4,38.08305358886719,39565,1506756.0152435303
1294,20260224,PETR4,39.05017852783203,26522,1035688.8349151611
1295,20260225,PETR4,39.05017852783203,13342,521007.48191833496
1296,20260226,PETR4,39.08965301513672,41806,1634182.0339508057
1297,20260227,PETR4,38.81333541870117,49770,1931739.7037887573
1298,20260302,PETR4,40.58968734741211,14087,571786.9256629944
1299,20260303,PETR4,40.412052154541016,38641,1561562.1073036194
1300,20260304,PETR4,39.967960357666016,35249,1408830.6346473694
1301,20260305,PETR4,40.15546417236328,11093,445444.5640640259
1302,20260306,PETR4,41.60615539550781,48190,2005000.6285095215
1303,20260309,PETR4,42.593017578125,17438,742737.0405273438
1304,20260310,PETR4,42.36603927612305,41411,1754420.0524635315
1305,20260311,PETR4,44.21147155761719,27399,1211350.1092071533
1306,20260312,PETR4,44.40884780883789,20846,925746.8414230347
1307,20260313,PETR4,44.08317947387695,16708,736541.7626495361
1308,20260316,PETR4,45.25754928588867,45039,2038354.76228714
1309,20260317,PETR4,45.77071762084961,46368,2122296.6346435547
1310,20260318,PETR4,46.382572174072266,11998,556498.100944519
1311,20260319,PETR4,46.165462493896484,48063,2218850.6238441467
1312,20260320,PETR4,45.07004165649414,31678,1427728.7795944214
1313,20260323,PETR4,45.425315856933594,11682,530658.5398406982
1314,20260324,PETR4,46.649024963378906,9519,444052.0686264038
1315,20260325,PETR4,46.87600326538086,32480,1522532.5860595703
1316,20260326,PETR4,47.38917541503906,20694,980671.5960388184
1317,20260327,PETR4,48.76091384887695,4300,209671.9295501709
1318,20260330,PETR4,49.017494201660156,7722,378513.0902252197
1319,20260331,PETR4,48.03063201904297,40986,1968583.4839324951
1320,20260401,PETR4,46.747711181640625,25160,1176172.4133300781
1321,20260402,PETR4,47.5174674987793,21059,1000670.3480567932
1322,20260406,PETR4,48.29708480834961,36822,1778395.2568130493
1323,20260407,PETR4,47.87273406982422,14575,697745.099067688
1324,20260408,PETR4,45.99769592285156,8970,412599.3324279785
1325,20260409,PETR4,47.270751953125,35911,1697539.9733886719
1326,20260410,PETR4,48.385902404785156,22591,1093085.9212265015
1327,20260413,PETR4,49.12605285644531,32821,1612366.1808013916
1328,20260414,PETR4,47.251014709472656,10503,496277.4074935913
1329,20260415,PETR4,46.274017333984375,48917,2263586.1059265137
1330,20260416,PETR4,47.94181823730469,19922,955096.902923584
1331,20260417,PETR4,45.61281967163086,13175,600948.8991737366
1332,20260420,PETR4,46.40230941772461,42124,1954650.8819122314
1333,20260422,PETR4,47.04376983642578,22389,1053262.9628677368
1334,20260423,PETR4,47.77000045776367,48838,2332991.282356262
1335,20260424,PETR4,47.15999984741211,1822,85925.51972198486
1336,20260427,PETR4,47.369998931884766,18327,868149.9704246521
1337,20260428,PETR4,47.52000045776367,48057,2283668.661998749
1338,20260429,PETR4,48.959999084472656,7150,350063.9934539795
1339,20260430,PETR4,49.08000183105469,5425,266259.0099334717
1340,20260504,PETR4,49.34000015258789,17032,840358.882598877
1341,20260505,PETR4,48.65999984741211,3198,155614.67951202393
1342,20260506,PETR4,47.27000045776367,21079,996404.3396492004
1343,20260507,PETR4,46.220001220703125,37220,1720308.4454345703
1344,20260508,PETR4,45.66999816894531,42874,1958055.5014953613
1345,20250102,VALE3,47.932838439941406,14859,712234.0463790894
1346,20250103,VALE3,47.04044723510742,32419,1525004.2589149475
1347,20250106,VALE3,46.439632415771484,9705,450696.63259506226
1348,20250107,VALE3,45.989017486572266,43880,2017998.087310791
1349,20250108,VALE3,45.547237396240234,24236,1103882.8455352783
1350,20250109,VALE3,45.26449966430664,23419,1060049.3176383972
1351,20250110,VALE3,45.52073287963867,20978,954933.9343490601
1352,20250113,VALE3,45.51189422607422,38609,1757168.7241744995
1353,20250114,VALE3,45.81230163574219,16358,749397.6301574707
1354,20250115,VALE3,46.474971771240234,35177,1634850.0819969177
1355,20250116,VALE3,46.53681945800781,30378,1413695.5014953613
1356,20250117,VALE3,48.14488983154297,38334,1845586.2068023682
1357,20250120,VALE3,47.96818161010742,12382,593942.0246963501
1358,20250121,VALE3,47.729618072509766,15596,744391.1234588623
1359,20250122,VALE3,46.527984619140625,34572,1608565.4842529297
1360,20250123,VALE3,46.22757339477539,14221,657402.3212471008
1361,20250124,VALE3,46.85490036010742,2279,106782.31792068481
1362,20250127,VALE3,47.67660140991211,46960,2238893.2022094727
1363,20250128,VALE3,46.51914978027344,8083,376014.2876739502
1364,20250129,VALE3,46.65168380737305,44861,2092841.1872825623
1365,20250130,VALE3,48.62200927734375,18771,912683.7361450195
1366,20250131,VALE3,47.86214828491211,30975,1482530.0431251526
1367,20250203,VALE3,47.89749526977539,46648,2234322.3593444824
1368,20250204,VALE3,47.729618072509766,49285,2352354.226703644
1369,20250205,VALE3,47.9858512878418,20063,962740.13438797
1370,20250206,VALE3,48.710365295410156,3106,151294.39460754395
1371,20250207,VALE3,48.44529724121094,25557,1238116.461593628
1372,20250210,VALE3,48.94892501831055,49854,2440299.707862854
1373,20250211,VALE3,48.73686981201172,21607,1053057.5460281372
1374,20250212,VALE3,48.40995407104492,38599,1868575.817188263
1375,20250213,VALE3,48.471805572509766,29529,1431323.9467506409
1376,20250214,VALE3,49.18748092651367,36954,1817674.1701583862
1377,20250217,VALE3,48.92241668701172,28856,1411705.2559204102
1378,20250218,VALE3,49.24933624267578,3573,175967.87839508057
1379,20250219,VALE3,49.20515060424805,13808,679424.719543457
1380,20250220,VALE3,51.01644515991211,36367,1855315.0611305237
1381,20250221,VALE3,51.38753128051758,37801,1942500.069934845
1382,20250224,VALE3,50.91925048828125,42196,2148588.6936035156
1383,20250225,VALE3,50.42445755004883,35072,1768486.5751953125
1384,20250226,VALE3,50.11521911621094,24752,1240451.9035644531
1385,20250227,VALE3,49.74412155151367,18685,929468.911190033
1386,20250228,VALE3,48.72803497314453,42401,2066117.4108963013
1387,20250305,VALE3,49.116798400878906,12372,607673.0298156738
1388,20250306,VALE3,49.655765533447266,9996,496359.03227233887
1389,20250307,VALE3,50.38028335571289,17458,879538.9868240356
1390,20250310,VALE3,49.56492614746094,32889,1630140.8560638428
1391,20250311,VALE3,49.9780387878418,27665,1382642.4430656433
1392,20250312,VALE3,49.3537712097168,39243,1936790.0435829163
1393,20250313,VALE3,50.03312301635742,32653,1633731.565853119
1394,20250314,VALE3,51.676414489746094,27657,1429214.5955429077
1395,20250317,VALE3,52.42002487182617,40952,2146704.8585510254
1396,20250318,VALE3,52.80560302734375,23180,1224033.8781738281
1397,20250319,VALE3,52.71379852294922,32896,1734073.1162109375
1398,20250320,VALE3,52.548553466796875,13875,729111.1793518066
1399,20250321,VALE3,52.741336822509766,2622,138287.7851486206
1400,20250324,VALE3,52.4659309387207,49756,2610494.8597869873
1401,20250325,VALE3,52.64035415649414,41809,2200840.5669288635
1402,20250326,VALE3,52.961666107177734,17725,938745.5317497253
1403,20250327,VALE3,53.383968353271484,41760,2229314.518432617
1404,20250328,VALE3,52.842323303222656,16646,879613.3137054443
1405,20250331,VALE3,52.05281066894531,18029,938460.123550415
1406,20250401,VALE3,52.502647399902344,30402,1596185.486251831
1407,20250402,VALE3,52.26395797729492,5263,275065.2108345032
1408,20250403,VALE3,50.372798919677734,31987,1611274.7190437317
1409,20250404,VALE3,48.3622932434082,47828,2313071.7612457275
1410,20250407,VALE3,47.78392791748047,48924,2337780.8894348145
1411,20250408,VALE3,45.16751480102539,9646,435685.8477706909
1412,20250409,VALE3,47.600318908691406,28529,1357989.4981460571
1413,20250410,VALE3,48.45409393310547,12664,613622.6455688477
1414,20250411,VALE3,49.26197052001953,36737,1809737.0109939575
1415,20250414,VALE3,49.904598236083984,36796,1836289.5966949463
1416,20250415,VALE3,49.39967727661133,25027,1236325.7232017517
1417,20250416,VALE3,48.25212860107422,30373,1465561.9020004272
1418,20250417,VALE3,48.545902252197266,37397,1815471.1065254211
1419,20250422,VALE3,49.40885925292969,21609,1067676.0395965576
1420,20250423,VALE3,49.996402740478516,36835,1841617.4949455261
1421,20250424,VALE3,50.776737213134766,39709,2016293.4579963684
1422,20250425,VALE3,49.43639373779297,20250,1001086.9731903076
1423,20250428,VALE3,49.6108283996582,22172,1099971.2872772217
1424,20250429,VALE3,49.42721939086914,12555,620558.7394523621
1425,20250430,VALE3,48.52754211425781,22874,1110018.9983215332
1426,20250502,VALE3,48.47245407104492,14081,682540.6257743835
1427,20250505,VALE3,48.61934280395508,25063,1218546.5886955261
1428,20250506,VALE3,48.656063079833984,7819,380441.7572212219
1429,20250507,VALE3,48.56426239013672,26712,1297248.576965332
1430,20250508,VALE3,48.41737747192383,25762,1247328.4784317017
1431,20250509,VALE3,48.610164642333984,12046,585558.0432815552
1432,20250512,VALE3,49.831153869628906,32463,1617668.7480697632
1433,20250513,VALE3,50.64820861816406,29769,1507746.522354126
1434,20250514,VALE3,50.40034103393555,24150,1217168.2359695435
1435,20250515,VALE3,50.9052619934082,3711,188909.42725753784
1436,20250516,VALE3,50.94198226928711,5853,298163.42222213745
1437,20250519,VALE3,50.80427932739258,30077,1528040.3093299866
1438,20250520,VALE3,50.813453674316406,24863,1263374.8987045288
1439,20250521,VALE3,50.16164779663086,22792,1143284.2765808105
1440,20250522,VALE3,49.78525161743164,41483,2065241.5928459167
1441,20250523,VALE3,49.86787414550781,9942,495786.4047546387
1442,20250526,VALE3,49.583282470703125,49275,2443216.2437438965
1443,20250527,VALE3,49.42721939086914,49594,2451293.518470764
1444,20250528,VALE3,49.0324592590332,2762,135427.6524734497
1445,20250529,VALE3,49.069183349609375,32987,1618645.1511535645
1446,20250530,VALE3,47.829830169677734,16850,805932.6383590698
1447,20250602,VALE3,48.25212860107422,13112,632681.9102172852
1448,20250603,VALE3,48.22458267211914,25058,1208411.5925979614
1449,20250604,VALE3,48.444915771484375,46420,2248812.9901123047
1450,20250605,VALE3,48.57344055175781,39890,1937594.5436096191
1451,20250606,VALE3,48.63770294189453,1481,72032.4380569458
1452,20250609,VALE3,48.92229461669922,48304,2363142.519165039
1453,20250610,VALE3,49.25279235839844,33921,1670703.9695892334
1454,20250611,VALE3,48.821311950683594,41385,2020469.9950790405
1455,20250612,VALE3,48.5,2524,122414.0
1456,20250613,VALE3,47.85737228393555,35888,1717505.376525879
1457,20250616,VALE3,49.41803741455078,16048,793060.6644287109
1458,20250617,VALE3,47.19638442993164,36111,1704308.6381492615
1459,20250618,VALE3,47.04031753540039,38904,1830056.5133972168
1460,20250620,VALE3,45.8285026550293,35008,1604364.2209472656
1461,20250623,VALE3,46.40686798095703,1060,49191.28005981445
1462,20250624,VALE3,46.39768981933594,10130,470008.59786987305
1463,20250625,VALE3,46.34260559082031,19023,881575.3861541748
1464,20250626,VALE3,47.7380256652832,46080,2199768.22265625
1465,20250627,VALE3,48.53671646118164,14350,696501.8812179565
1466,20250630,VALE3,48.33475112915039,25354,1225479.280128479
1467,20250701,VALE3,48.98655700683594,46186,2262493.1219177246
1468,20250702,VALE3,50.76755142211914,29145,1479620.2861976624
1469,20250703,VALE3,50.528865814208984,35020,1769520.8808135986
1470,20250704,VALE3,50.675750732421875,21587,1093937.431060791
1471,20250707,VALE3,49.93213653564453,42131,2103690.8443832397
1472,20250708,VALE3,50.106571197509766,10650,533634.983253479
1473,20250709,VALE3,49.6108283996582,20933,1038503.4708900452
1474,20250710,VALE3,50.74919128417969,21581,1095218.2971038818
1475,20250711,VALE3,51.41018295288086,24393,1254048.5927696228
1476,20250714,VALE3,50.82263946533203,24051,1222335.3017807007
1477,20250715,VALE3,49.49148178100586,27212,1346762.2022247314
1478,20250716,VALE3,49.941322326660156,5090,254201.3306427002
1479,20250717,VALE3,49.84951400756836,7960,396802.13150024414
1480,20250718,VALE3,50.08820724487305,36772,1841843.5568084717
1481,20250721,VALE3,51.456085205078125,22520,1158791.0388183594
1482,20250722,VALE3,52.78723907470703,37408,1974665.0393066406
1483,20250723,VALE3,52.71379852294922,29470,1553475.6424713135
1484,20250724,VALE3,51.8967399597168,21491,1115312.8384742737
1485,20250725,VALE3,51.134769439697266,2341,119706.4952583313
1486,20250728,VALE3,50.63903045654297,45623,2310304.48651886
1487,20250729,VALE3,50.32689666748047,25791,1297980.9919509888
1488,20250730,VALE3,49.42721939086914,1338,66133.61954498291
1489,20250731,VALE3,49.07836151123047,6895,338395.3026199341
1490,20250801,VALE3,49.3445930480957,13254,654013.2362594604
1491,20250804,VALE3,49.73935317993164,12344,613982.5756530762
1492,20250805,VALE3,49.67509078979492,2750,136606.49967193604
1493,20250806,VALE3,49.36295700073242,3421,168870.67589950562
1494,20250807,VALE3,49.72098922729492,40887,2032942.0865364075
1495,20250808,VALE3,50.85017776489258,6319,321322.2732963562
1496,20250811,VALE3,50.79509735107422,16896,858233.96484375
1497,20250812,VALE3,51.32755661010742,12918,663049.3762893677
1498,20250813,VALE3,51.39919662475586,26064,1339668.6608276367
1499,20250814,VALE3,50.76252365112305,47617,2417159.088695526
1500,20250815,VALE3,50.66749954223633,28935,1466064.0992546082
1501,20250818,VALE3,50.553470611572266,38641,1953436.657901764
1502,20250819,VALE3,50.59148025512695,30711,1553714.9501152039
1503,20250820,VALE3,50.36341857910156,5806,292410.0082702637
1504,20250821,VALE3,50.79103469848633,42360,2151508.229827881
1505,20250822,VALE3,52.06437301635742,13182,686312.5651016235
1506,20250825,VALE3,52.187904357910156,23297,1215821.607826233
1507,20250826,VALE3,52.65353012084961,20541,1081556.1622123718
1508,20250827,VALE3,52.625022888183594,29921,1574593.3098373413
1509,20250828,VALE3,52.64402770996094,17774,935694.9485168457
1510,20250829,VALE3,52.79607009887695,45813,2418746.35943985
1511,20250901,VALE3,52.834075927734375,38198,2018156.0322875977
1512,20250902,VALE3,52.634525299072266,9820,516871.03843688965
1513,20250903,VALE3,52.834075927734375,25070,1324550.2835083008
1514,20250904,VALE3,52.938602447509766,5232,276974.7680053711
1515,20250905,VALE3,53.42323684692383,12122,647596.4770584106
1516,20250908,VALE3,53.556270599365234,16023,858132.1238136292
1517,20250909,VALE3,53.39472579956055,9007,480926.29527664185
1518,20250910,VALE3,53.76532745361328,18905,1016433.5155105591
1519,20250911,VALE3,54.18343734741211,42786,2318292.5503463745
1520,20250912,VALE3,54.164432525634766,30398,1646490.4199142456
1521,20250915,VALE3,54.639556884765625,35268,1927027.892211914
1522,20250916,VALE3,54.82960891723633,7737,424216.68419265747
1523,20250917,VALE3,54.92463302612305,37062,2035616.7492141724
1524,20250918,VALE3,54.820106506347656,26510,1453281.0234832764
1525,20250919,VALE3,55.03866195678711,20426,1124219.7091293335
1526,20250922,VALE3,55.11468505859375,38265,2108963.42376709
1527,20250923,VALE3,54.80109786987305,18850,1033000.6948471069
1528,20250924,VALE3,55.010154724121094,1614,88786.38972473145
1529,20250925,VALE3,55.31423568725586,22776,1259837.0320129395
1530,20250926,VALE3,54.24995422363281,25077,1360426.10206604
1531,20250929,VALE3,54.43050003051758,10374,564662.0073165894
1532,20250930,VALE3,54.715579986572266,36435,1993562.1568107605
1533,20251001,VALE3,55.409263610839844,31907,1767943.374031067
1534,20251002,VALE3,55.77986145019531,14409,803732.0236358643
1535,20251003,VALE3,55.67533493041992,17514,975097.8159713745
1536,20251006,VALE3,56.625587463378906,30866,1747805.3826446533
1537,20251007,VALE3,55.82737350463867,3983,222360.42866897583
1538,20251008,VALE3,56.25498962402344,32705,1839819.4356536865
1539,20251009,VALE3,56.16946792602539,21662,1216743.014213562
1540,20251010,VALE3,55.941402435302734,24510,1371123.77368927
1541,20251013,VALE3,56.77762985229492,13651,775071.425113678
1542,20251014,VALE3,56.77762985229492,41998,2384546.898536682
1543,20251015,VALE3,57.8324089050293,29535,1708080.1970100403
1544,20251016,VALE3,57.30026626586914,7640,437774.03427124023
1545,20251017,VALE3,57.13872528076172,45547,2602497.520362854
1546,20251020,VALE3,57.87042236328125,16317,944271.6817016602
1547,20251021,VALE3,57.775394439697266,8564,494788.4779815674
1548,20251022,VALE3,58.80167007446289,28345,1666733.3382606506
1549,20251023,VALE3,58.6876335144043,49288,2892596.080657959
1550,20251024,VALE3,58.65913009643555,29687,1741413.595172882
1551,20251027,VALE3,58.592613220214844,14737,863479.3410263062
1552,20251028,VALE3,59.10574722290039,10323,610148.6285820007
1553,20251029,VALE3,60.179534912109375,16229,976653.672088623
1554,20251030,VALE3,60.635658264160156,45481,2757770.373512268
1555,20251031,VALE3,62.013526916503906,9502,589252.5327606201
1556,20251103,VALE3,62.09904479980469,1545,95943.02421569824
1557,20251104,VALE3,61.405364990234375,38114,2340404.081237793
1558,20251105,VALE3,62.46014404296875,30430,1900662.183227539
1559,20251106,VALE3,62.24158477783203,10996,684408.466217041
1560,20251107,VALE3,61.55739974975586,28788,1772114.4239959717
1561,20251110,VALE3,61.96601104736328,30969,1919025.3961257935
1562,20251111,VALE3,61.80447006225586,49543,3061978.860294342
1563,20251112,VALE3,62.488651275634766,14919,932268.1883811951
1564,20251113,VALE3,62.40312576293945,4810,300159.03491973877
1565,20251114,VALE3,62.02302169799805,31586,1959059.1633529663
1566,20251117,VALE3,61.97551345825195,40974,2539384.6884384155
1567,20251118,VALE3,61.785457611083984,42773,2642749.3783988953
1568,20251119,VALE3,61.71894073486328,17371,1072119.71950531
1569,20251121,VALE3,61.91850280761719,46084,2853452.2833862305
1570,20251124,VALE3,61.85197830200195,30629,1894464.2434120178
1571,20251125,VALE3,62.33660888671875,9436,588208.2414550781
1572,20251126,VALE3,63.267860412597656,13984,884737.7600097656
1573,20251127,VALE3,63.030296325683594,34039,2145488.256629944
1574,20251128,VALE3,64.04706573486328,20895,1338263.4385299683
1575,20251201,VALE3,64.54119110107422,19155,1236286.5155410767
1576,20251202,VALE3,65.0733413696289,11616,755891.9333496094
1577,20251203,VALE3,67.17340087890625,38129,2561254.6021118164
1578,20251204,VALE3,68.34220886230469,40837,2790890.7833099365
1579,20251205,VALE3,66.7267837524414,25574,1706470.7676849365
1580,20251208,VALE3,66.2706527709961,4430,293578.9917755127
1581,20251209,VALE3,66.30867004394531,13676,906837.3715209961
1582,20251210,VALE3,67.52498626708984,11816,797875.2377319336
1583,20251211,VALE3,68.41822814941406,33733,2307952.0901641846
1584,20251212,VALE3,68.61000061035156,21144,1450689.8529052734
1585,20251215,VALE3,69.02999877929688,3050,210541.49627685547
1586,20251216,VALE3,69.29000091552734,45460,3149923.441619873
1587,20251217,VALE3,70.16999816894531,34933,2451248.5460357666
1588,20251218,VALE3,70.3499984741211,25951,1825652.8104019165
1589,20251219,VALE3,70.8499984741211,33413,2367310.999015808
1590,20251222,VALE3,72.91999816894531,35801,2610608.854446411
1591,20251223,VALE3,72.9000015258789,33913,2472257.7517471313
1592,20251226,VALE3,73.12000274658203,48037,3512465.571937561
1593,20251229,VALE3,72.12000274658203,41600,3000192.1142578125
1594,20251230,VALE3,71.95999908447266,26280,1891108.7759399414
1595,20260102,VALE3,72.37999725341797,25557,1849815.589805603
1596,20260105,VALE3,73.12000274658203,48054,3513708.611984253
1597,20260106,VALE3,75.87000274658203,36400,2761668.099975586
1598,20260107,VALE3,76.31999969482422,5494,419302.07832336426
1599,20260108,VALE3,75.58000183105469,16152,1220768.1895751953
1600,20260109,VALE3,74.72000122070312,24895,1860154.4303894043
1601,20260112,VALE3,74.73999786376953,10155,758984.6783065796
1602,20260113,VALE3,75.3499984741211,32883,2477733.999824524
1603,20260114,VALE3,78.91999816894531,44194,3487790.399078369
1604,20260115,VALE3,78.8499984741211,44001,3469478.7828598022
1605,20260116,VALE3,78.87999725341797,2828,223072.63223266602
1606,20260119,VALE3,78.56999969482422,46028,3616419.945953369
1607,20260120,VALE3,80.08000183105469,42898,3435271.918548584
1608,20260121,VALE3,82.5,33123,2732647.5
1609,20260122,VALE3,82.9800033569336,38573,3200787.6694869995
1610,20260123,VALE3,85.0199966430664,1806,153546.11393737793
1611,20260126,VALE3,83.06999969482422,41970,3486447.8871917725
1612,20260127,VALE3,84.9000015258789,30757,2611269.3469314575
1613,20260128,VALE3,86.97000122070312,35636,3099262.9635009766
1614,20260129,VALE3,87.41000366210938,15561,1360187.066986084
1615,20260130,VALE3,84.31999969482422,49280,4155289.5849609375
1616,20260202,VALE3,84.81999969482422,25262,2142722.8322906494
1617,20260203,VALE3,88.98999786376953,15899,1414851.9760360718
1618,20260204,VALE3,89.43000030517578,49988,4470426.855255127
1619,20260205,VALE3,86.44999694824219,16934,1463944.2483215332
1620,20260206,VALE3,85.62999725341797,39197,3356439.002342224
1621,20260209,VALE3,87.30999755859375,42844,3740709.5354003906
1622,20260210,VALE3,87.05000305175781,37332,3249750.7139282227
1623,20260211,VALE3,90.08999633789062,35157,3167294.0012512207
1624,20260212,VALE3,89.2300033569336,12593,1123673.4322738647
1625,20260213,VALE3,87.02999877929688,41042,3571885.2098999023
1626,20260218,VALE3,83.91999816894531,18320,1537414.3664550781
1627,20260219,VALE3,83.45999908447266,28376,2368260.934020996
1628,20260220,VALE3,86.80999755859375,44513,3864173.4213256836
1629,20260223,VALE3,87.38999938964844,15199,1328240.6007232666
1630,20260224,VALE3,87.7300033569336,16876,1480531.5366516113
1631,20260225,VALE3,89.97000122070312,9245,831772.6612854004
1632,20260226,VALE3,89.20999908447266,8214,732770.9324798584
1633,20260227,VALE3,88.47000122070312,1726,152699.2221069336
1634,20260302,VALE3,88.16000366210938,47600,4196416.174316406
1635,20260303,VALE3,84.4800033569336,12362,1044341.8014984131
1636,20260304,VALE3,84.08999633789062,19297,1622684.6593322754
1637,20260305,VALE3,81.29000091552734,31448,2556407.948791504
1638,20260306,VALE3,78.86000061035156,27172,2142783.9365844727
1639,20260309,VALE3,79.26000213623047,43874,3477453.3337249756
1640,20260310,VALE3,80.55999755859375,8657,697407.8988647461
1641,20260311,VALE3,79.8499984741211,19850,1585022.4697113037
1642,20260312,VALE3,79.23999786376953,26425,2093916.9435501099
1643,20260313,VALE3,78.30000305175781,27685,2167735.584487915
1644,20260316,VALE3,78.83999633789062,48319,3809469.783050537
1645,20260317,VALE3,78.95999908447266,25578,2019638.8565826416
1646,20260318,VALE3,77.12999725341797,29831,2300864.9480667114
1647,20260319,VALE3,76.62999725341797,8906,682466.7555389404
1648,20260320,VALE3,75.55000305175781,8287,626082.875289917
1649,20260323,VALE3,77.48999786376953,34660,2685803.325958252
1650,20260324,VALE3,78.0999984741211,11222,876438.1828765869
1651,20260325,VALE3,79.55000305175781,38443,3058140.7673187256
1652,20260326,VALE3,78.91000366210938,35701,2817166.040740967
1653,20260327,VALE3,79.0,18764,1482356.0
1654,20260330,VALE3,79.5,45641,3628459.5
1655,20260331,VALE3,82.4800033569336,18674,1540231.582687378
1656,20260401,VALE3,83.0,19024,1578992.0
1657,20260402,VALE3,83.55000305175781,47007,3927434.9934539795
1658,20260406,VALE3,83.08999633789062,24874,2066780.5689086914
1659,20260407,VALE3,83.69000244140625,44642,3736089.088989258
1660,20260408,VALE3,85.58999633789062,33284,2848777.4381103516
1661,20260409,VALE3,84.69000244140625,18602,1575403.425415039
1662,20260410,VALE3,85.58999633789062,38784,3319522.41796875
1663,20260413,VALE3,87.36000061035156,24265,2119790.4148101807
1664,20260414,VALE3,88.30000305175781,26931,2378007.3821868896
1665,20260415,VALE3,88.44000244140625,29841,2639138.112854004
1666,20260416,VALE3,87.44000244140625,30192,2639988.5537109375
1667,20260417,VALE3,89.75,47542,4266894.5
1668,20260420,VALE3,88.7300033569336,43520,3861529.74609375
1669,20260422,VALE3,87.22000122070312,16585,1446543.7202453613
1670,20260423,VALE3,85.97000122070312,26559,2283277.2624206543
1671,20260424,VALE3,85.87000274658203,41059,3525736.4427719116
1672,20260427,VALE3,85.5,34742,2970441.0
1673,20260428,VALE3,84.38999938964844,5133,433173.86686706543
1674,20260429,VALE3,79.44000244140625,15663,1244268.758239746
1675,20260430,VALE3,81.18000030517578,22754,1847169.7269439697
1676,20260504,VALE3,78.66000366210938,4972,391097.5382080078
1677,20260505,VALE3,78.38999938964844,6295,493465.0461578369
1678,20260506,VALE3,81.2300033569336,47681,3873127.7900619507
1679,20260507,VALE3,80.06999969482422,42873,3432841.0969161987
1680,20260508,VALE3,80.80000305175781,30125,2434100.091934204
